"No.","Time","Source","Destination","Protocol","Length","Info"
"1","0.000000000","10.0.0.1","10.0.0.2","TCP","74","54258  >  34569 [SYN] Seq=0 Win=29200 Len=0 MSS=1460 SACK_PERM=1 TSval=3037559 TSecr=0 WS=512"
"2","0.151177966","10.0.0.2","10.0.0.1","TCP","74","34569  >  54258 [SYN, ACK] Seq=0 Ack=1 Win=28960 Len=0 MSS=1460 SACK_PERM=1 TSval=3037585 TSecr=3037559 WS=512"
"3","0.201751729","10.0.0.1","10.0.0.2","TCP","66","54258  >  34569 [ACK] Seq=1 Ack=1 Win=29696 Len=0 TSval=3037610 TSecr=3037585"
"4","0.219261840","10.0.0.1","10.0.0.2","TCP","2114","54258  >  34569 [PSH, ACK] Seq=1 Ack=1 Win=29696 Len=2048 TSval=3037610 TSecr=3037585"
"5","0.231353856","10.0.0.1","10.0.0.2","TCP","1514","54258  >  34569 [ACK] Seq=2049 Ack=1 Win=29696 Len=1448 TSval=3037610 TSecr=3037585"
"6","0.243422061","10.0.0.1","10.0.0.2","TCP","1514","54258  >  34569 [ACK] Seq=3497 Ack=1 Win=29696 Len=1448 TSval=3037610 TSecr=3037585"
"7","0.267873045","10.0.0.1","10.0.0.2","TCP","2962","54258  >  34569 [ACK] Seq=4945 Ack=1 Win=29696 Len=2896 TSval=3037610 TSecr=3037585"
"8","0.279777749","10.0.0.1","10.0.0.2","TCP","1514","54258  >  34569 [ACK] Seq=7841 Ack=1 Win=29696 Len=1448 TSval=3037610 TSecr=3037585"
"9","0.303995273","10.0.0.1","10.0.0.2","TCP","2962","54258  >  34569 [ACK] Seq=9289 Ack=1 Win=29696 Len=2896 TSval=3037610 TSecr=3037585"
"10","0.316251948","10.0.0.1","10.0.0.2","TCP","1514","54258  >  34569 [ACK] Seq=12185 Ack=1 Win=29696 Len=1448 TSval=3037610 TSecr=3037585"
"11","0.370262503","10.0.0.2","10.0.0.1","TCP","66","34569  >  54258 [ACK] Seq=1 Ack=1449 Win=32256 Len=0 TSval=3037640 TSecr=3037610"
"12","0.370263895","10.0.0.2","10.0.0.1","TCP","66","34569  >  54258 [ACK] Seq=1 Ack=2049 Win=34816 Len=0 TSval=3037640 TSecr=3037610"
"13","0.382032394","10.0.0.2","10.0.0.1","TCP","66","34569  >  54258 [ACK] Seq=1 Ack=3497 Win=37888 Len=0 TSval=3037643 TSecr=3037610"
"14","0.393684334","10.0.0.2","10.0.0.1","TCP","66","34569  >  54258 [ACK] Seq=1 Ack=4945 Win=40960 Len=0 TSval=3037646 TSecr=3037610"
"15","0.418002697","10.0.0.2","10.0.0.1","TCP","66","34569  >  54258 [ACK] Seq=1 Ack=7841 Win=46592 Len=0 TSval=3037652 TSecr=3037610"
"16","0.430062572","10.0.0.2","10.0.0.1","TCP","66","34569  >  54258 [ACK] Seq=1 Ack=9289 Win=49664 Len=0 TSval=3037655 TSecr=3037610"
"17","0.432440756","10.0.0.1","10.0.0.2","TCP","1514","54258  >  34569 [ACK] Seq=13633 Ack=1 Win=29696 Len=1448 TSval=3037665 TSecr=3037640"
"18","0.454512773","10.0.0.2","10.0.0.1","TCP","66","34569  >  54258 [ACK] Seq=1 Ack=12185 Win=55296 Len=0 TSval=3037661 TSecr=3037610"
"19","0.456064816","10.0.0.1","10.0.0.2","TCP","1514","[TCP Previous segment not captured] 54258  >  34569 [ACK] Seq=17977 Ack=1 Win=29696 Len=1448 TSval=3037671 TSecr=3037646"
"20","0.466402920","10.0.0.2","10.0.0.1","TCP","66","34569  >  54258 [ACK] Seq=1 Ack=13633 Win=58368 Len=0 TSval=3037664 TSecr=3037610"
"21","0.492374020","10.0.0.1","10.0.0.2","TCP","2962","54258  >  34569 [ACK] Seq=19425 Ack=1 Win=29696 Len=2896 TSval=3037677 TSecr=3037652"
"22","0.504372268","10.0.0.1","10.0.0.2","TCP","1514","54258  >  34569 [ACK] Seq=22321 Ack=1 Win=29696 Len=1448 TSval=3037680 TSecr=3037655"
"23","0.528771834","10.0.0.1","10.0.0.2","TCP","2962","54258  >  34569 [ACK] Seq=23769 Ack=1 Win=29696 Len=2896 TSval=3037686 TSecr=3037661"
"24","0.582658716","10.0.0.2","10.0.0.1","TCP","66","34569  >  54258 [ACK] Seq=1 Ack=15081 Win=60928 Len=0 TSval=3037693 TSecr=3037665"
"25","0.606434892","10.0.0.2","10.0.0.1","TCP","78","[TCP Window Update] 34569  >  54258 [ACK] Seq=1 Ack=15081 Win=64000 Len=0 TSval=3037699 TSecr=3037665 SLE=17977 SRE=19425"
"26","0.642468976","10.0.0.2","10.0.0.1","TCP","78","[TCP Window Update] 34569  >  54258 [ACK] Seq=1 Ack=15081 Win=69632 Len=0 TSval=3037708 TSecr=3037665 SLE=17977 SRE=22321"
"27","0.644811909","10.0.0.1","10.0.0.2","TCP","1514","[TCP Previous segment not captured] 54258  >  34569 [ACK] Seq=28113 Ack=1 Win=29696 Len=1448 TSval=3037718 TSecr=3037693"
"28","0.654669936","10.0.0.2","10.0.0.1","TCP","78","[TCP Window Update] 34569  >  54258 [ACK] Seq=1 Ack=15081 Win=72704 Len=0 TSval=3037711 TSecr=3037665 SLE=17977 SRE=23769"
"29","0.668592508","10.0.0.1","10.0.0.2","TCP","1514","54258  >  34569 [ACK] Seq=29561 Ack=1 Win=29696 Len=1448 TSval=3037724 TSecr=3037699"
"30","0.678987869","10.0.0.2","10.0.0.1","TCP","78","[TCP Window Update] 34569  >  54258 [ACK] Seq=1 Ack=15081 Win=78336 Len=0 TSval=3037717 TSecr=3037665 SLE=17977 SRE=26665"
"31","0.704614509","10.0.0.1","10.0.0.2","TCP","1514","[TCP Out-Of-Order] 54258  >  34569 [ACK] Seq=15081 Ack=1 Win=29696 Len=1448 TSval=3037733 TSecr=3037708"
"32","0.716853446","10.0.0.1","10.0.0.2","TCP","1514","[TCP Out-Of-Order] 54258  >  34569 [ACK] Seq=16529 Ack=1 Win=29696 Len=1448 TSval=3037736 TSecr=3037711"
"33","0.753621642","10.0.0.1","10.0.0.2","TCP","2962","54258  >  34569 [ACK] Seq=31009 Ack=1 Win=29696 Len=2896 TSval=3037742 TSecr=3037717"
"34","0.795178276","10.0.0.2","10.0.0.1","TCP","86","[TCP Window Update] 34569  >  54258 [ACK] Seq=1 Ack=15081 Win=81408 Len=0 TSval=3037746 TSecr=3037665 SLE=28113 SRE=29561 SLE=17977 SRE=26665"
"35","0.818916153","10.0.0.2","10.0.0.1","TCP","86","[TCP Window Update] 34569  >  54258 [ACK] Seq=1 Ack=15081 Win=84480 Len=0 TSval=3037752 TSecr=3037665 SLE=28113 SRE=31009 SLE=17977 SRE=26665"
"36","0.855271080","10.0.0.2","10.0.0.1","TCP","86","34569  >  54258 [ACK] Seq=1 Ack=16529 Win=87040 Len=0 TSval=3037761 TSecr=3037733 SLE=28113 SRE=31009 SLE=17977 SRE=26665"
"37","0.857439901","10.0.0.1","10.0.0.2","TCP","1514","[TCP Out-Of-Order] 54258  >  34569 [ACK] Seq=26665 Ack=1 Win=29696 Len=1448 TSval=3037771 TSecr=3037746"
"38","0.867416034","10.0.0.2","10.0.0.1","TCP","78","34569  >  54258 [ACK] Seq=1 Ack=26665 Win=90112 Len=0 TSval=3037764 TSecr=3037736 SLE=28113 SRE=31009"
"39","0.881104543","10.0.0.1","10.0.0.2","TCP","1514","54258  >  34569 [ACK] Seq=33905 Ack=1 Win=29696 Len=1448 TSval=3037777 TSecr=3037752"
"40","0.903749239","10.0.0.2","10.0.0.1","TCP","78","[TCP Window Update] 34569  >  54258 [ACK] Seq=1 Ack=26665 Win=95744 Len=0 TSval=3037773 TSecr=3037736 SLE=28113 SRE=33905"
"41","0.929922702","10.0.0.1","10.0.0.2","TCP","2962","54258  >  34569 [ACK] Seq=35353 Ack=1 Win=29696 Len=2896 TSval=3037786 TSecr=3037761"
"42","0.941933606","10.0.0.1","10.0.0.2","TCP","1514","54258  >  34569 [ACK] Seq=38249 Ack=1 Win=29696 Len=1448 TSval=3037789 TSecr=3037764"
"43","0.978022041","10.0.0.1","10.0.0.2","TCP","2962","54258  >  34569 [ACK] Seq=39697 Ack=1 Win=29696 Len=2896 TSval=3037798 TSecr=3037773"
"44","1.007656137","10.0.0.2","10.0.0.1","TCP","66","34569  >  54258 [ACK] Seq=1 Ack=33905 Win=98816 Len=0 TSval=3037799 TSecr=3037771"
"45","1.031988318","10.0.0.2","10.0.0.1","TCP","66","34569  >  54258 [ACK] Seq=1 Ack=35353 Win=101376 Len=0 TSval=3037805 TSecr=3037777"
"46","1.069867123","10.0.0.1","10.0.0.2","TCP","1514","54258  >  34569 [ACK] Seq=42593 Ack=1 Win=29696 Len=1448 TSval=3037824 TSecr=3037799"
"47","1.080160173","10.0.0.2","10.0.0.1","TCP","66","34569  >  54258 [ACK] Seq=1 Ack=38249 Win=107520 Len=0 TSval=3037817 TSecr=3037786"
"48","1.092455510","10.0.0.2","10.0.0.1","TCP","66","34569  >  54258 [ACK] Seq=1 Ack=39697 Win=110080 Len=0 TSval=3037820 TSecr=3037789"
"49","1.094309399","10.0.0.1","10.0.0.2","TCP","1514","54258  >  34569 [ACK] Seq=44041 Ack=1 Win=29696 Len=1448 TSval=3037830 TSecr=3037805"
"50","1.128995724","10.0.0.2","10.0.0.1","TCP","66","34569  >  54258 [ACK] Seq=1 Ack=42593 Win=116224 Len=0 TSval=3037829 TSecr=3037798"
"51","1.154542512","10.0.0.1","10.0.0.2","TCP","2962","54258  >  34569 [ACK] Seq=45489 Ack=1 Win=29696 Len=2896 TSval=3037842 TSecr=3037817"
"52","1.178697340","10.0.0.1","10.0.0.2","TCP","2962","54258  >  34569 [ACK] Seq=48385 Ack=1 Win=29696 Len=2896 TSval=3037845 TSecr=3037820"
"53","1.220300266","10.0.0.2","10.0.0.1","TCP","66","34569  >  54258 [ACK] Seq=1 Ack=44041 Win=118784 Len=0 TSval=3037852 TSecr=3037824"
"54","1.244730859","10.0.0.2","10.0.0.1","TCP","66","34569  >  54258 [ACK] Seq=1 Ack=45489 Win=121856 Len=0 TSval=3037858 TSecr=3037830"
"55","1.282635074","10.0.0.1","10.0.0.2","TCP","1514","[TCP Previous segment not captured] 54258  >  34569 [ACK] Seq=54177 Ack=1 Win=29696 Len=1448 TSval=3037877 TSecr=3037852"
"56","1.304836753","10.0.0.2","10.0.0.1","TCP","66","34569  >  54258 [ACK] Seq=1 Ack=48385 Win=127488 Len=0 TSval=3037873 TSecr=3037842"
"57","1.307059403","10.0.0.1","10.0.0.2","TCP","1514","54258  >  34569 [ACK] Seq=55625 Ack=1 Win=29696 Len=1448 TSval=3037883 TSecr=3037858"
"58","1.329107127","10.0.0.2","10.0.0.1","TCP","66","34569  >  54258 [ACK] Seq=1 Ack=51281 Win=133632 Len=0 TSval=3037879 TSecr=3037845"
"59","1.379097588","10.0.0.1","10.0.0.2","TCP","2962","54258  >  34569 [ACK] Seq=57073 Ack=1 Win=29696 Len=2896 TSval=3037898 TSecr=3037873"
"60","1.403440944","10.0.0.1","10.0.0.2","TCP","2962","54258  >  34569 [ACK] Seq=59969 Ack=1 Win=29696 Len=2896 TSval=3037904 TSecr=3037879"
"61","1.433134262","10.0.0.2","10.0.0.1","TCP","78","[TCP Window Update] 34569  >  54258 [ACK] Seq=1 Ack=51281 Win=136192 Len=0 TSval=3037905 TSecr=3037845 SLE=54177 SRE=55625"
"62","1.457274370","10.0.0.2","10.0.0.1","TCP","78","[TCP Window Update] 34569  >  54258 [ACK] Seq=1 Ack=51281 Win=139264 Len=0 TSval=3037912 TSecr=3037845 SLE=54177 SRE=57073"
"63","1.507468065","10.0.0.1","10.0.0.2","TCP","2962","54258  >  34569 [ACK] Seq=62865 Ack=1 Win=29696 Len=2896 TSval=3037931 TSecr=3037905"
"64","1.519510132","10.0.0.1","10.0.0.2","TCP","1514","[TCP Out-Of-Order] 54258  >  34569 [ACK] Seq=51281 Ack=1 Win=29696 Len=1448 TSval=3037937 TSecr=3037912"
"65","1.529670613","10.0.0.2","10.0.0.1","TCP","78","[TCP Window Update] 34569  >  54258 [ACK] Seq=1 Ack=51281 Win=144896 Len=0 TSval=3037930 TSecr=3037845 SLE=54177 SRE=59969"
"66","1.553875212","10.0.0.2","10.0.0.1","TCP","78","[TCP Window Update] 34569  >  54258 [ACK] Seq=1 Ack=51281 Win=151040 Len=0 TSval=3037936 TSecr=3037845 SLE=54177 SRE=62865"
"67","1.628152692","10.0.0.1","10.0.0.2","TCP","2962","54258  >  34569 [ACK] Seq=65761 Ack=1 Win=29696 Len=2896 TSval=3037961 TSecr=3037936"
"68","1.658128348","10.0.0.2","10.0.0.1","TCP","78","[TCP Window Update] 34569  >  54258 [ACK] Seq=1 Ack=51281 Win=156672 Len=0 TSval=3037962 TSecr=3037845 SLE=54177 SRE=65761"
"69","1.670131438","10.0.0.2","10.0.0.1","TCP","78","34569  >  54258 [ACK] Seq=1 Ack=52729 Win=159744 Len=0 TSval=3037965 TSecr=3037937 SLE=54177 SRE=65761"
"70","1.732465801","10.0.0.1","10.0.0.2","TCP","2962","54258  >  34569 [ACK] Seq=68657 Ack=1 Win=29696 Len=2896 TSval=3037987 TSecr=3037962"
"71","1.744615671","10.0.0.1","10.0.0.2","TCP","1514","54258  >  34569 [ACK] Seq=71553 Ack=1 Win=29696 Len=1448 TSval=3037990 TSecr=3037965"
"72","1.778526729","10.0.0.2","10.0.0.1","TCP","78","[TCP Window Update] 34569  >  54258 [ACK] Seq=1 Ack=52729 Win=163328 Len=0 TSval=3037992 TSecr=3037937 SLE=54177 SRE=68657"
"73","1.840880658","10.0.0.1","10.0.0.2","TCP","1514","[TCP Out-Of-Order] 54258  >  34569 [ACK] Seq=52729 Ack=1 Win=29696 Len=1448 TSval=3038017 TSecr=3037992"
"74","1.852877390","10.0.0.1","10.0.0.2","TCP","1514","54258  >  34569 [ACK] Seq=73001 Ack=1 Win=29696 Len=1448 TSval=3038017 TSecr=3037992"
"75","1.883095876","10.0.0.2","10.0.0.1","TCP","78","[TCP Dup ACK 69#1] 34569  >  54258 [ACK] Seq=1 Ack=52729 Win=163328 Len=0 TSval=3038018 TSecr=3037937 SLE=54177 SRE=71553"
"76","1.895219548","10.0.0.2","10.0.0.1","TCP","78","[TCP Dup ACK 69#2] 34569  >  54258 [ACK] Seq=1 Ack=52729 Win=163328 Len=0 TSval=3038021 TSecr=3037937 SLE=54177 SRE=73001"
"77","1.957777395","10.0.0.1","10.0.0.2","TCP","2962","54258  >  34569 [ACK] Seq=74449 Ack=1 Win=29696 Len=2896 TSval=3038043 TSecr=3038018"
"78","1.969722175","10.0.0.1","10.0.0.2","TCP","1514","54258  >  34569 [ACK] Seq=77345 Ack=1 Win=29696 Len=1448 TSval=3038046 TSecr=3038021"
"79","1.991169810","10.0.0.2","10.0.0.1","TCP","66","34569  >  54258 [ACK] Seq=1 Ack=73001 Win=160768 Len=0 TSval=3038045 TSecr=3038017"
"80","2.003448808","10.0.0.2","10.0.0.1","TCP","66","34569  >  54258 [ACK] Seq=1 Ack=74449 Win=168448 Len=0 TSval=3038048 TSecr=3038017"
"81","2.065454619","10.0.0.1","10.0.0.2","TCP","2962","54258  >  34569 [ACK] Seq=78793 Ack=1 Win=29696 Len=2896 TSval=3038070 TSecr=3038045"
"82","2.108366711","10.0.0.2","10.0.0.1","TCP","66","34569  >  54258 [ACK] Seq=1 Ack=77345 Win=170496 Len=0 TSval=3038074 TSecr=3038043"
"83","2.120212866","10.0.0.2","10.0.0.1","TCP","66","34569  >  54258 [ACK] Seq=1 Ack=78793 Win=170496 Len=0 TSval=3038077 TSecr=3038046"
"84","2.182793120","10.0.0.1","10.0.0.2","TCP","2962","[TCP Previous segment not captured] 54258  >  34569 [ACK] Seq=86033 Ack=1 Win=29696 Len=2896 TSval=3038099 TSecr=3038074"
"85","2.194811999","10.0.0.1","10.0.0.2","TCP","1514","54258  >  34569 [ACK] Seq=88929 Ack=1 Win=29696 Len=1448 TSval=3038102 TSecr=3038077"
"86","2.215751640","10.0.0.2","10.0.0.1","TCP","66","34569  >  54258 [ACK] Seq=1 Ack=81689 Win=170496 Len=0 TSval=3038101 TSecr=3038070"
"87","2.289999363","10.0.0.1","10.0.0.2","TCP","2962","54258  >  34569 [ACK] Seq=90377 Ack=1 Win=29696 Len=2896 TSval=3038126 TSecr=3038101"
"88","2.333369840","10.0.0.2","10.0.0.1","TCP","78","[TCP Dup ACK 86#1] 34569  >  54258 [ACK] Seq=1 Ack=81689 Win=170496 Len=0 TSval=3038131 TSecr=3038070 SLE=86033 SRE=88929"
"89","2.344936412","10.0.0.2","10.0.0.1","TCP","78","[TCP Dup ACK 86#2] 34569  >  54258 [ACK] Seq=1 Ack=81689 Win=170496 Len=0 TSval=3038133 TSecr=3038070 SLE=86033 SRE=90377"
"90","2.395663492","10.0.0.1","10.0.0.2","TCP","1514","[TCP Out-Of-Order] 54258  >  34569 [ACK] Seq=81689 Ack=1 Win=29696 Len=1448 TSval=3038156 TSecr=3038131"
"91","2.407628891","10.0.0.1","10.0.0.2","TCP","1514","[TCP Out-Of-Order] 54258  >  34569 [ACK] Seq=83137 Ack=1 Win=29696 Len=1448 TSval=3038158 TSecr=3038133"
"92","2.440482701","10.0.0.2","10.0.0.1","TCP","78","[TCP Dup ACK 86#3] 34569  >  54258 [ACK] Seq=1 Ack=81689 Win=170496 Len=0 TSval=3038157 TSecr=3038070 SLE=86033 SRE=93273"
"93","2.502666610","10.0.0.1","10.0.0.2","TCP","1514","[TCP Retransmission] 54258  >  34569 [ACK] Seq=84585 Ack=1 Win=29696 Len=1448 TSval=3038182 TSecr=3038157"
"94","2.515138118","10.0.0.1","10.0.0.2","TCP","1514","54258  >  34569 [ACK] Seq=93273 Ack=1 Win=29696 Len=1448 TSval=3038182 TSecr=3038157"
"95","2.546295730","10.0.0.2","10.0.0.1","TCP","78","34569  >  54258 [ACK] Seq=1 Ack=83137 Win=169472 Len=0 TSval=3038184 TSecr=3038156 SLE=86033 SRE=93273"
"96","2.558372232","10.0.0.2","10.0.0.1","TCP","78","34569  >  54258 [ACK] Seq=1 Ack=84585 Win=168448 Len=0 TSval=3038187 TSecr=3038158 SLE=86033 SRE=93273"
"97","2.620678132","10.0.0.1","10.0.0.2","TCP","2962","54258  >  34569 [ACK] Seq=94721 Ack=1 Win=29696 Len=2896 TSval=3038209 TSecr=3038184"
"98","2.632714616","10.0.0.1","10.0.0.2","TCP","1514","54258  >  34569 [ACK] Seq=97617 Ack=1 Win=29696 Len=1448 TSval=3038212 TSecr=3038187"
"99","2.653382184","10.0.0.2","10.0.0.1","TCP","66","34569  >  54258 [ACK] Seq=1 Ack=93273 Win=167936 Len=0 TSval=3038211 TSecr=3038182"
"100","2.705385960","10.0.0.2","10.0.0.1","TCP","66","34569  >  54258 [ACK] Seq=1 Ack=94721 Win=170496 Len=0 TSval=3038224 TSecr=3038182"
"101","2.727645411","10.0.0.1","10.0.0.2","TCP","2962","54258  >  34569 [ACK] Seq=99065 Ack=1 Win=29696 Len=2896 TSval=3038236 TSecr=3038211"
"102","2.771673128","10.0.0.2","10.0.0.1","TCP","66","34569  >  54258 [ACK] Seq=1 Ack=97617 Win=170496 Len=0 TSval=3038240 TSecr=3038209"
"103","2.841437259","10.0.0.2","10.0.0.1","TCP","66","34569  >  54258 [ACK] Seq=1 Ack=99065 Win=170496 Len=0 TSval=3038258 TSecr=3038212"
"104","2.846249361","10.0.0.1","10.0.0.2","TCP","2962","[TCP Previous segment not captured] 54258  >  34569 [ACK] Seq=103409 Ack=1 Win=29696 Len=2896 TSval=3038265 TSecr=3038240"
"105","2.877940749","10.0.0.2","10.0.0.1","TCP","66","34569  >  54258 [ACK] Seq=1 Ack=101961 Win=170496 Len=0 TSval=3038267 TSecr=3038236"
"106","2.903887635","10.0.0.1","10.0.0.2","TCP","1514","54258  >  34569 [ACK] Seq=106305 Ack=1 Win=29696 Len=1448 TSval=3038283 TSecr=3038258"
"107","2.952299236","10.0.0.1","10.0.0.2","TCP","2962","54258  >  34569 [ACK] Seq=107753 Ack=1 Win=29696 Len=2896 TSval=3038292 TSecr=3038267"
"108","2.996680079","10.0.0.2","10.0.0.1","TCP","78","[TCP Dup ACK 105#1] 34569  >  54258 [ACK] Seq=1 Ack=101961 Win=170496 Len=0 TSval=3038296 TSecr=3038236 SLE=103409 SRE=106305"
"109","3.054495846","10.0.0.2","10.0.0.1","TCP","78","[TCP Dup ACK 105#2] 34569  >  54258 [ACK] Seq=1 Ack=101961 Win=170496 Len=0 TSval=3038311 TSecr=3038236 SLE=103409 SRE=107753"
"110","3.071427421","10.0.0.1","10.0.0.2","TCP","2962","54258  >  34569 [ACK] Seq=110649 Ack=1 Win=29696 Len=2896 TSval=3038321 TSecr=3038296"
"111","3.102599088","10.0.0.2","10.0.0.1","TCP","78","[TCP Dup ACK 105#3] 34569  >  54258 [ACK] Seq=1 Ack=101961 Win=170496 Len=0 TSval=3038323 TSecr=3038236 SLE=103409 SRE=110649"
"112","3.116811929","10.0.0.1","10.0.0.2","TCP","1514","[TCP Fast Retransmission] 54258  >  34569 [ACK] Seq=101961 Ack=1 Win=29696 Len=1448 TSval=3038336 TSecr=3038311"
"113","3.164747020","10.0.0.1","10.0.0.2","TCP","1514","54258  >  34569 [ACK] Seq=113545 Ack=1 Win=29696 Len=1448 TSval=3038348 TSecr=3038323"
"114","3.221753883","10.0.0.2","10.0.0.1","TCP","78","[TCP Dup ACK 105#4] 34569  >  54258 [ACK] Seq=1 Ack=101961 Win=170496 Len=0 TSval=3038353 TSecr=3038236 SLE=103409 SRE=113545"
"115","3.267134415","10.0.0.2","10.0.0.1","TCP","66","34569  >  54258 [ACK] Seq=1 Ack=113545 Win=166912 Len=0 TSval=3038364 TSecr=3038336"
"116","3.296228081","10.0.0.1","10.0.0.2","TCP","2962","54258  >  34569 [ACK] Seq=114993 Ack=1 Win=29696 Len=2896 TSval=3038378 TSecr=3038353"
"117","3.341484554","10.0.0.1","10.0.0.2","TCP","2962","54258  >  34569 [ACK] Seq=117889 Ack=1 Win=29696 Len=2896 TSval=3038389 TSecr=3038364"
"118","3.437308772","10.0.0.2","10.0.0.1","TCP","66","34569  >  54258 [ACK] Seq=1 Ack=114993 Win=170496 Len=0 TSval=3038407 TSecr=3038348"
"119","3.446433054","10.0.0.2","10.0.0.1","TCP","66","34569  >  54258 [ACK] Seq=1 Ack=117889 Win=170496 Len=0 TSval=3038409 TSecr=3038378"
"120","3.491929329","10.0.0.2","10.0.0.1","TCP","66","34569  >  54258 [ACK] Seq=1 Ack=120785 Win=170496 Len=0 TSval=3038420 TSecr=3038389"
"121","3.512005601","10.0.0.1","10.0.0.2","TCP","2962","54258  >  34569 [ACK] Seq=120785 Ack=1 Win=29696 Len=2896 TSval=3038432 TSecr=3038407"
"122","3.536130470","10.0.0.1","10.0.0.2","TCP","2962","54258  >  34569 [ACK] Seq=123681 Ack=1 Win=29696 Len=2896 TSval=3038434 TSecr=3038409"
"123","3.566243863","10.0.0.1","10.0.0.2","TCP","2962","54258  >  34569 [ACK] Seq=126577 Ack=1 Win=29696 Len=2896 TSval=3038445 TSecr=3038420"
"124","3.662524815","10.0.0.2","10.0.0.1","TCP","66","34569  >  54258 [ACK] Seq=1 Ack=123681 Win=170496 Len=0 TSval=3038463 TSecr=3038432"
"125","3.686694580","10.0.0.2","10.0.0.1","TCP","66","34569  >  54258 [ACK] Seq=1 Ack=126577 Win=170496 Len=0 TSval=3038469 TSecr=3038434"
"126","3.716679569","10.0.0.2","10.0.0.1","TCP","66","34569  >  54258 [ACK] Seq=1 Ack=129473 Win=170496 Len=0 TSval=3038476 TSecr=3038445"
"127","3.736830121","10.0.0.1","10.0.0.2","TCP","2962","54258  >  34569 [ACK] Seq=129473 Ack=1 Win=29696 Len=2896 TSval=3038488 TSecr=3038463"
"128","3.761010737","10.0.0.1","10.0.0.2","TCP","2962","54258  >  34569 [ACK] Seq=132369 Ack=1 Win=29696 Len=2896 TSval=3038494 TSecr=3038469"
"129","3.791181284","10.0.0.1","10.0.0.2","TCP","2962","54258  >  34569 [ACK] Seq=135265 Ack=1 Win=29696 Len=2896 TSval=3038501 TSecr=3038476"
"130","3.887063989","10.0.0.2","10.0.0.1","TCP","66","34569  >  54258 [ACK] Seq=1 Ack=132369 Win=170496 Len=0 TSval=3038519 TSecr=3038488"
"131","3.911377149","10.0.0.2","10.0.0.1","TCP","66","34569  >  54258 [ACK] Seq=1 Ack=135265 Win=170496 Len=0 TSval=3038525 TSecr=3038494"
"132","3.941379767","10.0.0.2","10.0.0.1","TCP","66","34569  >  54258 [ACK] Seq=1 Ack=138161 Win=170496 Len=0 TSval=3038533 TSecr=3038501"
"133","3.961333780","10.0.0.1","10.0.0.2","TCP","2962","54258  >  34569 [ACK] Seq=138161 Ack=1 Win=29696 Len=2896 TSval=3038544 TSecr=3038519"
"134","3.985916740","10.0.0.1","10.0.0.2","TCP","2962","54258  >  34569 [ACK] Seq=141057 Ack=1 Win=29696 Len=2896 TSval=3038550 TSecr=3038525"
"135","4.015901855","10.0.0.1","10.0.0.2","TCP","2962","54258  >  34569 [ACK] Seq=143953 Ack=1 Win=29696 Len=2896 TSval=3038558 TSecr=3038533"
"136","4.111846431","10.0.0.2","10.0.0.1","TCP","66","34569  >  54258 [ACK] Seq=1 Ack=141057 Win=170496 Len=0 TSval=3038575 TSecr=3038544"
"137","4.136401178","10.0.0.2","10.0.0.1","TCP","66","34569  >  54258 [ACK] Seq=1 Ack=143953 Win=170496 Len=0 TSval=3038581 TSecr=3038550"
"138","4.166591483","10.0.0.2","10.0.0.1","TCP","66","34569  >  54258 [ACK] Seq=1 Ack=146849 Win=170496 Len=0 TSval=3038589 TSecr=3038558"
"139","4.186113826","10.0.0.1","10.0.0.2","TCP","2962","54258  >  34569 [ACK] Seq=146849 Ack=1 Win=29696 Len=2896 TSval=3038600 TSecr=3038575"
"140","4.210674344","10.0.0.1","10.0.0.2","TCP","2962","54258  >  34569 [ACK] Seq=149745 Ack=1 Win=29696 Len=2896 TSval=3038606 TSecr=3038581"
"141","4.240855622","10.0.0.1","10.0.0.2","TCP","2962","54258  >  34569 [ACK] Seq=152641 Ack=1 Win=29696 Len=2896 TSval=3038614 TSecr=3038589"
"142","4.252974708","10.0.0.1","10.0.0.2","TCP","1514","54258  >  34569 [ACK] Seq=155537 Ack=1 Win=29696 Len=1448 TSval=3038614 TSecr=3038589"
"143","4.336381158","10.0.0.2","10.0.0.1","TCP","66","34569  >  54258 [ACK] Seq=1 Ack=149745 Win=170496 Len=0 TSval=3038631 TSecr=3038600"
"144","4.361151650","10.0.0.2","10.0.0.1","TCP","66","34569  >  54258 [ACK] Seq=1 Ack=152641 Win=170496 Len=0 TSval=3038637 TSecr=3038606"
"145","4.391076917","10.0.0.2","10.0.0.1","TCP","66","34569  >  54258 [ACK] Seq=1 Ack=155537 Win=170496 Len=0 TSval=3038645 TSecr=3038614"
"146","4.410663710","10.0.0.1","10.0.0.2","TCP","2962","54258  >  34569 [ACK] Seq=156985 Ack=1 Win=29696 Len=2896 TSval=3038656 TSecr=3038631"
"147","4.435626705","10.0.0.1","10.0.0.2","TCP","2962","54258  >  34569 [ACK] Seq=159881 Ack=1 Win=29696 Len=2896 TSval=3038663 TSecr=3038637"
"148","4.449618901","10.0.0.2","10.0.0.1","TCP","66","34569  >  54258 [ACK] Seq=1 Ack=156985 Win=170496 Len=0 TSval=3038660 TSecr=3038614"
"149","4.465610988","10.0.0.1","10.0.0.2","TCP","2962","54258  >  34569 [ACK] Seq=162777 Ack=1 Win=29696 Len=2896 TSval=3038670 TSecr=3038645"
"150","4.511770810","10.0.0.1","10.0.0.2","TCP","1514","54258  >  34569 [ACK] Seq=165673 Ack=1 Win=29696 Len=1448 TSval=3038685 TSecr=3038660"
"151","4.561363552","10.0.0.2","10.0.0.1","TCP","66","34569  >  54258 [ACK] Seq=1 Ack=159881 Win=170496 Len=0 TSval=3038687 TSecr=3038656"
"152","4.586583218","10.0.0.2","10.0.0.1","TCP","66","34569  >  54258 [ACK] Seq=1 Ack=162777 Win=170496 Len=0 TSval=3038694 TSecr=3038663"
"153","4.615928707","10.0.0.2","10.0.0.1","TCP","66","34569  >  54258 [ACK] Seq=1 Ack=165673 Win=170496 Len=0 TSval=3038701 TSecr=3038670"
"154","4.635968864","10.0.0.1","10.0.0.2","TCP","2962","54258  >  34569 [ACK] Seq=167121 Ack=1 Win=29696 Len=2896 TSval=3038713 TSecr=3038687"
"155","4.660852087","10.0.0.1","10.0.0.2","TCP","2962","54258  >  34569 [ACK] Seq=170017 Ack=1 Win=29696 Len=2896 TSval=3038719 TSecr=3038694"
"156","4.690207325","10.0.0.1","10.0.0.2","TCP","2962","54258  >  34569 [ACK] Seq=172913 Ack=1 Win=29696 Len=2896 TSval=3038726 TSecr=3038701"
"157","4.741376747","10.0.0.2","10.0.0.1","TCP","66","34569  >  54258 [ACK] Seq=1 Ack=167121 Win=170496 Len=0 TSval=3038733 TSecr=3038685"
"158","4.786252495","10.0.0.2","10.0.0.1","TCP","66","34569  >  54258 [ACK] Seq=1 Ack=170017 Win=170496 Len=0 TSval=3038744 TSecr=3038713"
"159","4.811081898","10.0.0.2","10.0.0.1","TCP","66","34569  >  54258 [ACK] Seq=1 Ack=172913 Win=170496 Len=0 TSval=3038750 TSecr=3038719"
"160","4.815663227","10.0.0.1","10.0.0.2","TCP","2962","54258  >  34569 [ACK] Seq=175809 Ack=1 Win=29696 Len=2896 TSval=3038758 TSecr=3038733"
"161","4.840828660","10.0.0.2","10.0.0.1","TCP","66","34569  >  54258 [ACK] Seq=1 Ack=175809 Win=170496 Len=0 TSval=3038757 TSecr=3038726"
"162","4.860579106","10.0.0.1","10.0.0.2","TCP","2962","54258  >  34569 [ACK] Seq=178705 Ack=1 Win=29696 Len=2896 TSval=3038769 TSecr=3038744"
"163","4.885364530","10.0.0.1","10.0.0.2","TCP","2962","54258  >  34569 [ACK] Seq=181601 Ack=1 Win=29696 Len=2896 TSval=3038775 TSecr=3038750"
"164","4.915098059","10.0.0.1","10.0.0.2","TCP","2962","54258  >  34569 [ACK] Seq=184497 Ack=1 Win=29696 Len=2896 TSval=3038782 TSecr=3038757"
"165","4.966000074","10.0.0.2","10.0.0.1","TCP","66","34569  >  54258 [ACK] Seq=1 Ack=178705 Win=170496 Len=0 TSval=3038789 TSecr=3038758"
"166","5.010831900","10.0.0.2","10.0.0.1","TCP","66","34569  >  54258 [ACK] Seq=1 Ack=181601 Win=170496 Len=0 TSval=3038800 TSecr=3038769"
"167","5.035478640","10.0.0.2","10.0.0.1","TCP","66","34569  >  54258 [ACK] Seq=1 Ack=184497 Win=170496 Len=0 TSval=3038806 TSecr=3038775"
"168","5.040348229","10.0.0.1","10.0.0.2","TCP","2962","54258  >  34569 [ACK] Seq=187393 Ack=1 Win=29696 Len=2896 TSval=3038814 TSecr=3038789"
"169","5.065568081","10.0.0.2","10.0.0.1","TCP","66","34569  >  54258 [ACK] Seq=1 Ack=187393 Win=170496 Len=0 TSval=3038814 TSecr=3038782"
"170","5.085134714","10.0.0.1","10.0.0.2","TCP","2962","54258  >  34569 [ACK] Seq=190289 Ack=1 Win=29696 Len=2896 TSval=3038825 TSecr=3038800"
"171","5.109781903","10.0.0.1","10.0.0.2","TCP","2962","54258  >  34569 [ACK] Seq=193185 Ack=1 Win=29696 Len=2896 TSval=3038831 TSecr=3038806"
"172","5.139944415","10.0.0.1","10.0.0.2","TCP","2962","54258  >  34569 [ACK] Seq=196081 Ack=1 Win=29696 Len=2896 TSval=3038839 TSecr=3038814"
"173","5.151957383","10.0.0.1","10.0.0.2","TCP","1514","54258  >  34569 [ACK] Seq=198977 Ack=1 Win=29696 Len=1448 TSval=3038839 TSecr=3038814"
"174","5.190991733","10.0.0.2","10.0.0.1","TCP","66","34569  >  54258 [ACK] Seq=1 Ack=190289 Win=170496 Len=0 TSval=3038845 TSecr=3038814"
"175","5.235561407","10.0.0.2","10.0.0.1","TCP","66","34569  >  54258 [ACK] Seq=1 Ack=193185 Win=170496 Len=0 TSval=3038856 TSecr=3038825"
"176","5.260069675","10.0.0.2","10.0.0.1","TCP","66","34569  >  54258 [ACK] Seq=1 Ack=196081 Win=170496 Len=0 TSval=3038862 TSecr=3038831"
"177","5.290516054","10.0.0.2","10.0.0.1","TCP","66","34569  >  54258 [ACK] Seq=1 Ack=198977 Win=170496 Len=0 TSval=3038870 TSecr=3038839"
"178","5.309943127","10.0.0.1","10.0.0.2","TCP","2962","[TCP Previous segment not captured] 54258  >  34569 [ACK] Seq=203321 Ack=1 Win=29696 Len=2896 TSval=3038881 TSecr=3038856"
"179","5.334784272","10.0.0.1","10.0.0.2","TCP","2962","54258  >  34569 [ACK] Seq=206217 Ack=1 Win=29696 Len=2896 TSval=3038887 TSecr=3038862"
"180","5.349451751","10.0.0.2","10.0.0.1","TCP","66","34569  >  54258 [ACK] Seq=1 Ack=200425 Win=170496 Len=0 TSval=3038885 TSecr=3038839"
"181","5.364783559","10.0.0.1","10.0.0.2","TCP","2962","54258  >  34569 [ACK] Seq=209113 Ack=1 Win=29696 Len=2896 TSval=3038895 TSecr=3038870"
"182","5.411609577","10.0.0.1","10.0.0.2","TCP","1514","54258  >  34569 [ACK] Seq=212009 Ack=1 Win=29696 Len=1448 TSval=3038910 TSecr=3038885"
"183","5.460309215","10.0.0.2","10.0.0.1","TCP","78","[TCP Dup ACK 180#1] 34569  >  54258 [ACK] Seq=1 Ack=200425 Win=170496 Len=0 TSval=3038912 TSecr=3038839 SLE=203321 SRE=206217"
"184","5.485180436","10.0.0.2","10.0.0.1","TCP","78","[TCP Dup ACK 180#2] 34569  >  54258 [ACK] Seq=1 Ack=200425 Win=170496 Len=0 TSval=3038918 TSecr=3038839 SLE=203321 SRE=209113"
"185","5.515056180","10.0.0.2","10.0.0.1","TCP","78","[TCP Dup ACK 180#3] 34569  >  54258 [ACK] Seq=1 Ack=200425 Win=170496 Len=0 TSval=3038926 TSecr=3038839 SLE=203321 SRE=212009"
"186","5.522581975","10.0.0.1","10.0.0.2","TCP","1514","[TCP Fast Retransmission] 54258  >  34569 [ACK] Seq=200425 Ack=1 Win=29696 Len=1448 TSval=3038937 TSecr=3038912"
"187","5.547510514","10.0.0.1","10.0.0.2","TCP","1514","[TCP Out-Of-Order] 54258  >  34569 [ACK] Seq=201873 Ack=1 Win=29696 Len=1448 TSval=3038944 TSecr=3038918"
"188","5.559917742","10.0.0.1","10.0.0.2","TCP","1514","54258  >  34569 [ACK] Seq=213457 Ack=1 Win=29696 Len=1448 TSval=3038944 TSecr=3038918"
"189","5.562113128","10.0.0.2","10.0.0.1","TCP","78","[TCP Dup ACK 180#4] 34569  >  54258 [ACK] Seq=1 Ack=200425 Win=170496 Len=0 TSval=3038938 TSecr=3038839 SLE=203321 SRE=213457"
"190","5.589697551","10.0.0.1","10.0.0.2","TCP","2962","54258  >  34569 [ACK] Seq=214905 Ack=1 Win=29696 Len=2896 TSval=3038951 TSecr=3038926"
"191","5.624552331","10.0.0.1","10.0.0.2","TCP","1514","54258  >  34569 [ACK] Seq=217801 Ack=1 Win=29696 Len=1448 TSval=3038963 TSecr=3038938"
"192","5.673043631","10.0.0.2","10.0.0.1","TCP","78","34569  >  54258 [ACK] Seq=1 Ack=201873 Win=169472 Len=0 TSval=3038965 TSecr=3038937 SLE=203321 SRE=213457"
"193","5.698343858","10.0.0.2","10.0.0.1","TCP","66","34569  >  54258 [ACK] Seq=1 Ack=213457 Win=166912 Len=0 TSval=3038972 TSecr=3038944"
"194","5.735193994","10.0.0.1","10.0.0.2","TCP","1514","54258  >  34569 [ACK] Seq=219249 Ack=1 Win=29696 Len=1448 TSval=3038990 TSecr=3038965"
"195","5.740093019","10.0.0.2","10.0.0.1","TCP","66","34569  >  54258 [ACK] Seq=1 Ack=217801 Win=170496 Len=0 TSval=3038982 TSecr=3038944"
"196","5.772641740","10.0.0.1","10.0.0.2","TCP","2962","54258  >  34569 [ACK] Seq=220697 Ack=1 Win=29696 Len=2896 TSval=3038997 TSecr=3038972"
"197","5.814396580","10.0.0.1","10.0.0.2","TCP","2962","54258  >  34569 [ACK] Seq=223593 Ack=1 Win=29696 Len=2896 TSval=3039007 TSecr=3038982"
"198","5.837848729","10.0.0.2","10.0.0.1","TCP","66","34569  >  54258 [ACK] Seq=1 Ack=219249 Win=170496 Len=0 TSval=3039007 TSecr=3038963"
"199","5.912111476","10.0.0.1","10.0.0.2","TCP","2962","54258  >  34569 [ACK] Seq=226489 Ack=1 Win=29696 Len=2896 TSval=3039032 TSecr=3039007"
"200","5.922904702","10.0.0.2","10.0.0.1","TCP","66","34569  >  54258 [ACK] Seq=1 Ack=223593 Win=170496 Len=0 TSval=3039028 TSecr=3038990"
"201","5.964961713","10.0.0.2","10.0.0.1","TCP","66","34569  >  54258 [ACK] Seq=1 Ack=226489 Win=170496 Len=0 TSval=3039038 TSecr=3039007"
"202","5.997273490","10.0.0.1","10.0.0.2","TCP","2962","54258  >  34569 [ACK] Seq=229385 Ack=1 Win=29696 Len=2896 TSval=3039053 TSecr=3039028"
"203","6.021459479","10.0.0.1","10.0.0.2","TCP","2962","54258  >  34569 [ACK] Seq=232281 Ack=1 Win=29696 Len=2896 TSval=3039053 TSecr=3039028"
"204","6.045923922","10.0.0.1","10.0.0.2","TCP","2962","54258  >  34569 [ACK] Seq=235177 Ack=1 Win=29696 Len=2896 TSval=3039063 TSecr=3039038"
"205","6.062793250","10.0.0.2","10.0.0.1","TCP","66","34569  >  54258 [ACK] Seq=1 Ack=229385 Win=170496 Len=0 TSval=3039063 TSecr=3039032"
"206","6.147577584","10.0.0.2","10.0.0.1","TCP","66","34569  >  54258 [ACK] Seq=1 Ack=232281 Win=170496 Len=0 TSval=3039084 TSecr=3039053"
"207","6.171654830","10.0.0.2","10.0.0.1","TCP","66","34569  >  54258 [ACK] Seq=1 Ack=235177 Win=170496 Len=0 TSval=3039090 TSecr=3039053"
"208","6.196493190","10.0.0.2","10.0.0.1","TCP","66","34569  >  54258 [ACK] Seq=1 Ack=238073 Win=170496 Len=0 TSval=3039096 TSecr=3039063"
"209","6.221846206","10.0.0.1","10.0.0.2","TCP","2962","[TCP Previous segment not captured] 54258  >  34569 [ACK] Seq=240969 Ack=1 Win=29696 Len=2896 TSval=3039109 TSecr=3039084"
"210","6.246066225","10.0.0.1","10.0.0.2","TCP","2962","54258  >  34569 [ACK] Seq=243865 Ack=1 Win=29696 Len=2896 TSval=3039115 TSecr=3039090"
"211","6.270742010","10.0.0.1","10.0.0.2","TCP","2962","54258  >  34569 [ACK] Seq=246761 Ack=1 Win=29696 Len=2896 TSval=3039121 TSecr=3039096"
"212","6.372920752","10.0.0.2","10.0.0.1","TCP","78","[TCP Dup ACK 208#1] 34569  >  54258 [ACK] Seq=1 Ack=238073 Win=170496 Len=0 TSval=3039140 TSecr=3039063 SLE=240969 SRE=243865"
"213","6.396246263","10.0.0.2","10.0.0.1","TCP","78","[TCP Dup ACK 208#2] 34569  >  54258 [ACK] Seq=1 Ack=238073 Win=170496 Len=0 TSval=3039146 TSecr=3039063 SLE=240969 SRE=246761"
"214","6.420894506","10.0.0.2","10.0.0.1","TCP","78","[TCP Dup ACK 208#3] 34569  >  54258 [ACK] Seq=1 Ack=238073 Win=170496 Len=0 TSval=3039152 TSecr=3039063 SLE=240969 SRE=249657"
"215","6.458775775","10.0.0.1","10.0.0.2","TCP","1514","[TCP Out-Of-Order] 54258  >  34569 [ACK] Seq=239521 Ack=1 Win=29696 Len=1448 TSval=3039171 TSecr=3039146"
"216","6.470552410","10.0.0.1","10.0.0.2","TCP","1514","54258  >  34569 [ACK] Seq=249657 Ack=1 Win=29696 Len=1448 TSval=3039171 TSecr=3039146"
"217","6.609098787","10.0.0.2","10.0.0.1","TCP","78","[TCP Dup ACK 208#4] 34569  >  54258 [ACK] Seq=1 Ack=238073 Win=170496 Len=0 TSval=3039199 TSecr=3039063 SLE=239521 SRE=249657"
"218","6.621117224","10.0.0.2","10.0.0.1","TCP","78","[TCP Dup ACK 208#5] 34569  >  54258 [ACK] Seq=1 Ack=238073 Win=170496 Len=0 TSval=3039202 TSecr=3039063 SLE=239521 SRE=251105"
"219","6.671370921","10.0.0.1","10.0.0.2","TCP","1514","[TCP Out-Of-Order] 54258  >  34569 [ACK] Seq=238073 Ack=1 Win=29696 Len=1448 TSval=3039225 TSecr=3039199"
"220","6.821821737","10.0.0.2","10.0.0.1","TCP","66","34569  >  54258 [ACK] Seq=1 Ack=251105 Win=164352 Len=0 TSval=3039253 TSecr=3039225"
"221","6.896197678","10.0.0.1","10.0.0.2","TCP","2962","[TCP Previous segment not captured] 54258  >  34569 [ACK] Seq=255449 Ack=1 Win=29696 Len=2896 TSval=3039278 TSecr=3039253"
"222","7.047055076","10.0.0.2","10.0.0.1","TCP","78","[TCP Window Update] 34569  >  54258 [ACK] Seq=1 Ack=251105 Win=170496 Len=0 TSval=3039309 TSecr=3039225 SLE=255449 SRE=258345"
"223","7.109308532","10.0.0.1","10.0.0.2","TCP","1514","[TCP Retransmission] 54258  >  34569 [ACK] Seq=251105 Ack=1 Win=29696 Len=1448 TSval=3039334 TSecr=3039309"
"224","7.259424443","10.0.0.2","10.0.0.1","TCP","78","34569  >  54258 [ACK] Seq=1 Ack=252553 Win=169472 Len=0 TSval=3039362 TSecr=3039334 SLE=255449 SRE=258345"
"225","7.321808941","10.0.0.1","10.0.0.2","TCP","1514","[TCP Retransmission] 54258  >  34569 [ACK] Seq=252553 Ack=1 Win=29696 Len=1448 TSval=3039387 TSecr=3039362"
"226","7.333683167","10.0.0.1","10.0.0.2","TCP","1514","[TCP Retransmission] 54258  >  34569 [ACK] Seq=254001 Ack=1 Win=29696 Len=1448 TSval=3039387 TSecr=3039362"
"227","7.472026003","10.0.0.2","10.0.0.1","TCP","78","34569  >  54258 [ACK] Seq=1 Ack=254001 Win=169472 Len=0 TSval=3039415 TSecr=3039387 SLE=255449 SRE=258345"
"228","7.484158344","10.0.0.2","10.0.0.1","TCP","66","34569  >  54258 [ACK] Seq=1 Ack=258345 Win=169472 Len=0 TSval=3039418 TSecr=3039387"
"229","7.534387059","10.0.0.1","10.0.0.2","TCP","1514","[TCP Previous segment not captured] 54258  >  34569 [ACK] Seq=259793 Ack=1 Win=29696 Len=1448 TSval=3039440 TSecr=3039415"
"230","7.546355274","10.0.0.1","10.0.0.2","TCP","1514","54258  >  34569 [ACK] Seq=261241 Ack=1 Win=29696 Len=1448 TSval=3039440 TSecr=3039415"
"231","7.558424692","10.0.0.1","10.0.0.2","TCP","1514","54258  >  34569 [ACK] Seq=262689 Ack=1 Win=29696 Len=1448 TSval=3039443 TSecr=3039418"
"232","7.684621412","10.0.0.2","10.0.0.1","TCP","78","[TCP Window Update] 34569  >  54258 [ACK] Seq=1 Ack=258345 Win=170496 Len=0 TSval=3039468 TSecr=3039387 SLE=259793 SRE=261241"
"233","7.696746630","10.0.0.2","10.0.0.1","TCP","78","[TCP Dup ACK 228#1] 34569  >  54258 [ACK] Seq=1 Ack=258345 Win=170496 Len=0 TSval=3039471 TSecr=3039387 SLE=259793 SRE=262689"
"234","7.709289129","10.0.0.2","10.0.0.1","TCP","78","[TCP Dup ACK 228#2] 34569  >  54258 [ACK] Seq=1 Ack=258345 Win=170496 Len=0 TSval=3039474 TSecr=3039387 SLE=259793 SRE=264137"
"235","7.746768690","10.0.0.1","10.0.0.2","TCP","1514","[TCP Out-Of-Order] 54258  >  34569 [ACK] Seq=258345 Ack=1 Win=29696 Len=1448 TSval=3039493 TSecr=3039468"
"236","7.758927852","10.0.0.1","10.0.0.2","TCP","1514","54258  >  34569 [ACK] Seq=264137 Ack=1 Win=29696 Len=1448 TSval=3039496 TSecr=3039471"
"237","7.771677570","10.0.0.1","10.0.0.2","TCP","1514","54258  >  34569 [ACK] Seq=265585 Ack=1 Win=29696 Len=1448 TSval=3039500 TSecr=3039474"
"238","7.896958167","10.0.0.2","10.0.0.1","TCP","66","34569  >  54258 [ACK] Seq=1 Ack=264137 Win=168448 Len=0 TSval=3039521 TSecr=3039493"
"239","7.909133336","10.0.0.2","10.0.0.1","TCP","66","34569  >  54258 [ACK] Seq=1 Ack=265585 Win=170496 Len=0 TSval=3039524 TSecr=3039496"
"240","7.921839756","10.0.0.2","10.0.0.1","TCP","66","34569  >  54258 [ACK] Seq=1 Ack=267033 Win=170496 Len=0 TSval=3039528 TSecr=3039500"
"241","7.971271857","10.0.0.1","10.0.0.2","TCP","2962","54258  >  34569 [ACK] Seq=267033 Ack=1 Win=29696 Len=2896 TSval=3039546 TSecr=3039521"
"242","7.995582636","10.0.0.1","10.0.0.2","TCP","2962","54258  >  34569 [ACK] Seq=269929 Ack=1 Win=29696 Len=2896 TSval=3039550 TSecr=3039524"
"243","8.007833561","10.0.0.1","10.0.0.2","TCP","1514","54258  >  34569 [ACK] Seq=272825 Ack=1 Win=29696 Len=1448 TSval=3039553 TSecr=3039528"
"244","8.121479792","10.0.0.2","10.0.0.1","TCP","66","34569  >  54258 [ACK] Seq=1 Ack=269929 Win=170496 Len=0 TSval=3039578 TSecr=3039546"
"245","8.146092387","10.0.0.2","10.0.0.1","TCP","66","34569  >  54258 [ACK] Seq=1 Ack=272825 Win=170496 Len=0 TSval=3039584 TSecr=3039550"
"246","8.158607173","10.0.0.2","10.0.0.1","TCP","66","34569  >  54258 [ACK] Seq=1 Ack=274273 Win=170496 Len=0 TSval=3039587 TSecr=3039553"
"247","8.220358456","10.0.0.1","10.0.0.2","TCP","2962","[TCP Previous segment not captured] 54258  >  34569 [ACK] Seq=277169 Ack=1 Win=29696 Len=2896 TSval=3039609 TSecr=3039584"
"248","8.232957984","10.0.0.1","10.0.0.2","TCP","1514","54258  >  34569 [ACK] Seq=280065 Ack=1 Win=29696 Len=1448 TSval=3039612 TSecr=3039587"
"249","8.370774385","10.0.0.2","10.0.0.1","TCP","78","[TCP Dup ACK 246#1] 34569  >  54258 [ACK] Seq=1 Ack=274273 Win=170496 Len=0 TSval=3039640 TSecr=3039553 SLE=277169 SRE=280065"
"250","8.383246175","10.0.0.2","10.0.0.1","TCP","78","[TCP Dup ACK 246#2] 34569  >  54258 [ACK] Seq=1 Ack=274273 Win=170496 Len=0 TSval=3039643 TSecr=3039553 SLE=277169 SRE=281513"
"251","8.445489948","10.0.0.1","10.0.0.2","TCP","1514","[TCP Retransmission] 54258  >  34569 [ACK] Seq=275721 Ack=1 Win=29696 Len=1448 TSval=3039668 TSecr=3039643"
"252","8.596455424","10.0.0.2","10.0.0.1","TCP","78","[TCP Dup ACK 246#3] 34569  >  54258 [ACK] Seq=1 Ack=274273 Win=170496 Len=0 TSval=3039696 TSecr=3039553 SLE=275721 SRE=281513"
"253","8.658664531","10.0.0.1","10.0.0.2","TCP","1514","[TCP Retransmission] 54258  >  34569 [ACK] Seq=274273 Ack=1 Win=29696 Len=1448 TSval=3039721 TSecr=3039696"
"254","8.809212303","10.0.0.2","10.0.0.1","TCP","66","34569  >  54258 [ACK] Seq=1 Ack=281513 Win=167424 Len=0 TSval=3039749 TSecr=3039721"
"255","8.883466825","10.0.0.1","10.0.0.2","TCP","2962","54258  >  34569 [ACK] Seq=281513 Ack=1 Win=29696 Len=2896 TSval=3039775 TSecr=3039749"
"256","8.907703845","10.0.0.1","10.0.0.2","TCP","2962","54258  >  34569 [ACK] Seq=284409 Ack=1 Win=29696 Len=2896 TSval=3039775 TSecr=3039749"
"257","9.034606026","10.0.0.2","10.0.0.1","TCP","66","34569  >  54258 [ACK] Seq=1 Ack=284409 Win=170496 Len=0 TSval=3039806 TSecr=3039775"
"258","9.058511185","10.0.0.2","10.0.0.1","TCP","66","34569  >  54258 [ACK] Seq=1 Ack=287305 Win=170496 Len=0 TSval=3039812 TSecr=3039775"
"259","9.108949171","10.0.0.1","10.0.0.2","TCP","2962","54258  >  34569 [ACK] Seq=287305 Ack=1 Win=29696 Len=2896 TSval=3039831 TSecr=3039806"
"260","9.133107653","10.0.0.1","10.0.0.2","TCP","2962","54258  >  34569 [ACK] Seq=290201 Ack=1 Win=29696 Len=2896 TSval=3039837 TSecr=3039812"
"261","9.145220943","10.0.0.1","10.0.0.2","TCP","1514","54258  >  34569 [ACK] Seq=293097 Ack=1 Win=29696 Len=1448 TSval=3039837 TSecr=3039812"
"262","9.259240864","10.0.0.2","10.0.0.1","TCP","66","34569  >  54258 [ACK] Seq=1 Ack=290201 Win=170496 Len=0 TSval=3039862 TSecr=3039831"
"263","9.283366609","10.0.0.2","10.0.0.1","TCP","66","34569  >  54258 [ACK] Seq=1 Ack=293097 Win=170496 Len=0 TSval=3039868 TSecr=3039837"
"264","9.295370860","10.0.0.2","10.0.0.1","TCP","66","34569  >  54258 [ACK] Seq=1 Ack=294545 Win=170496 Len=0 TSval=3039871 TSecr=3039837"
"265","9.333704137","10.0.0.1","10.0.0.2","TCP","2962","54258  >  34569 [ACK] Seq=294545 Ack=1 Win=29696 Len=2896 TSval=3039887 TSecr=3039862"
"266","9.357790237","10.0.0.1","10.0.0.2","TCP","2962","54258  >  34569 [ACK] Seq=297441 Ack=1 Win=29696 Len=2896 TSval=3039893 TSecr=3039868"
"267","9.369826829","10.0.0.1","10.0.0.2","TCP","1514","54258  >  34569 [ACK] Seq=300337 Ack=1 Win=29696 Len=1448 TSval=3039896 TSecr=3039871"
"268","9.483984552","10.0.0.2","10.0.0.1","TCP","66","34569  >  54258 [ACK] Seq=1 Ack=297441 Win=170496 Len=0 TSval=3039918 TSecr=3039887"
"269","9.508416681","10.0.0.2","10.0.0.1","TCP","66","34569  >  54258 [ACK] Seq=1 Ack=300337 Win=170496 Len=0 TSval=3039924 TSecr=3039893"
"270","9.520310645","10.0.0.2","10.0.0.1","TCP","66","34569  >  54258 [ACK] Seq=1 Ack=301785 Win=170496 Len=0 TSval=3039927 TSecr=3039896"
"271","9.558381482","10.0.0.1","10.0.0.2","TCP","2962","54258  >  34569 [ACK] Seq=301785 Ack=1 Win=29696 Len=2896 TSval=3039943 TSecr=3039918"
"272","9.582797028","10.0.0.1","10.0.0.2","TCP","2962","54258  >  34569 [ACK] Seq=304681 Ack=1 Win=29696 Len=2896 TSval=3039949 TSecr=3039924"
"273","9.594947113","10.0.0.1","10.0.0.2","TCP","1514","54258  >  34569 [ACK] Seq=307577 Ack=1 Win=29696 Len=1448 TSval=3039952 TSecr=3039927"
"274","9.708683878","10.0.0.2","10.0.0.1","TCP","66","34569  >  54258 [ACK] Seq=1 Ack=304681 Win=170496 Len=0 TSval=3039974 TSecr=3039943"
"275","9.733096009","10.0.0.2","10.0.0.1","TCP","66","34569  >  54258 [ACK] Seq=1 Ack=307577 Win=170496 Len=0 TSval=3039980 TSecr=3039949"
"276","9.745120177","10.0.0.2","10.0.0.1","TCP","66","34569  >  54258 [ACK] Seq=1 Ack=309025 Win=170496 Len=0 TSval=3039983 TSecr=3039952"
"277","9.783039678","10.0.0.1","10.0.0.2","TCP","2962","54258  >  34569 [ACK] Seq=309025 Ack=1 Win=29696 Len=2896 TSval=3039999 TSecr=3039974"
"278","9.807365177","10.0.0.1","10.0.0.2","TCP","2962","54258  >  34569 [ACK] Seq=311921 Ack=1 Win=29696 Len=2896 TSval=3040005 TSecr=3039980"
"279","9.819591735","10.0.0.1","10.0.0.2","TCP","1514","54258  >  34569 [ACK] Seq=314817 Ack=1 Win=29696 Len=1448 TSval=3040009 TSecr=3039983"
"280","9.933454488","10.0.0.2","10.0.0.1","TCP","66","34569  >  54258 [ACK] Seq=1 Ack=311921 Win=170496 Len=0 TSval=3040031 TSecr=3039999"
"281","9.957498496","10.0.0.2","10.0.0.1","TCP","66","34569  >  54258 [ACK] Seq=1 Ack=314817 Win=170496 Len=0 TSval=3040037 TSecr=3040005"
"282","9.969720477","10.0.0.2","10.0.0.1","TCP","66","34569  >  54258 [ACK] Seq=1 Ack=316265 Win=170496 Len=0 TSval=3040040 TSecr=3040009"
"283","10.007882549","10.0.0.1","10.0.0.2","TCP","2962","54258  >  34569 [ACK] Seq=316265 Ack=1 Win=29696 Len=2896 TSval=3040056 TSecr=3040031"
"284","10.044272736","10.0.0.1","10.0.0.2","TCP","2962","[TCP Previous segment not captured] 54258  >  34569 [ACK] Seq=322057 Ack=1 Win=29696 Len=2896 TSval=3040065 TSecr=3040040"
"285","10.158390828","10.0.0.2","10.0.0.1","TCP","66","34569  >  54258 [ACK] Seq=1 Ack=319161 Win=170496 Len=0 TSval=3040087 TSecr=3040056"
"286","10.194868133","10.0.0.2","10.0.0.1","TCP","78","[TCP Dup ACK 285#1] 34569  >  54258 [ACK] Seq=1 Ack=319161 Win=170496 Len=0 TSval=3040096 TSecr=3040056 SLE=322057 SRE=324953"
"287","10.220605911","10.0.0.1","10.0.0.2","TCP","1514","54258  >  34569 [ACK] Seq=324953 Ack=1 Win=29696 Len=1448 TSval=3040112 TSecr=3040087"
"288","10.257171813","10.0.0.1","10.0.0.2","TCP","1514","[TCP Out-Of-Order] 54258  >  34569 [ACK] Seq=319161 Ack=1 Win=29696 Len=1448 TSval=3040121 TSecr=3040096"
"289","10.269128635","10.0.0.1","10.0.0.2","TCP","1514","54258  >  34569 [ACK] Seq=326401 Ack=1 Win=29696 Len=1448 TSval=3040121 TSecr=3040096"
"290","10.370898035","10.0.0.2","10.0.0.1","TCP","78","[TCP Dup ACK 285#2] 34569  >  54258 [ACK] Seq=1 Ack=319161 Win=170496 Len=0 TSval=3040140 TSecr=3040056 SLE=322057 SRE=326401"
"291","10.407357282","10.0.0.2","10.0.0.1","TCP","78","34569  >  54258 [ACK] Seq=1 Ack=320609 Win=169472 Len=0 TSval=3040149 TSecr=3040121 SLE=322057 SRE=326401"
"292","10.419516223","10.0.0.2","10.0.0.1","TCP","78","[TCP Dup ACK 291#1] 34569  >  54258 [ACK] Seq=1 Ack=320609 Win=169472 Len=0 TSval=3040152 TSecr=3040121 SLE=322057 SRE=327849"
"293","10.433082625","10.0.0.1","10.0.0.2","TCP","1514","[TCP Out-Of-Order] 54258  >  34569 [ACK] Seq=320609 Ack=1 Win=29696 Len=1448 TSval=3040165 TSecr=3040140"
"294","10.481641311","10.0.0.1","10.0.0.2","TCP","2962","54258  >  34569 [ACK] Seq=327849 Ack=1 Win=29696 Len=2896 TSval=3040174 TSecr=3040149"
"295","10.493769506","10.0.0.1","10.0.0.2","TCP","1514","54258  >  34569 [ACK] Seq=330745 Ack=1 Win=29696 Len=1448 TSval=3040177 TSecr=3040152"
"296","10.583427327","10.0.0.2","10.0.0.1","TCP","66","34569  >  54258 [ACK] Seq=1 Ack=327849 Win=168448 Len=0 TSval=3040193 TSecr=3040165"
"297","10.632807550","10.0.0.2","10.0.0.1","TCP","66","34569  >  54258 [ACK] Seq=1 Ack=330745 Win=169984 Len=0 TSval=3040205 TSecr=3040174"
"298","10.657733599","10.0.0.1","10.0.0.2","TCP","2962","54258  >  34569 [ACK] Seq=332193 Ack=1 Win=29696 Len=2896 TSval=3040218 TSecr=3040193"
"299","10.681621225","10.0.0.2","10.0.0.1","TCP","66","34569  >  54258 [ACK] Seq=1 Ack=332193 Win=170496 Len=0 TSval=3040218 TSecr=3040177"
"300","10.707078597","10.0.0.1","10.0.0.2","TCP","2962","54258  >  34569 [ACK] Seq=335089 Ack=1 Win=29696 Len=2896 TSval=3040230 TSecr=3040205"
"301","10.743796965","10.0.0.1","10.0.0.2","TCP","1514","54258  >  34569 [ACK] Seq=337985 Ack=1 Win=29696 Len=1448 TSval=3040243 TSecr=3040218"
"302","10.807867941","10.0.0.2","10.0.0.1","TCP","66","34569  >  54258 [ACK] Seq=1 Ack=335089 Win=170496 Len=0 TSval=3040249 TSecr=3040218"
"303","10.857275115","10.0.0.2","10.0.0.1","TCP","66","34569  >  54258 [ACK] Seq=1 Ack=337985 Win=170496 Len=0 TSval=3040262 TSecr=3040230"
"304","10.882128062","10.0.0.1","10.0.0.2","TCP","2962","54258  >  34569 [ACK] Seq=339433 Ack=1 Win=29696 Len=2896 TSval=3040274 TSecr=3040249"
"305","10.931538021","10.0.0.1","10.0.0.2","TCP","2962","54258  >  34569 [ACK] Seq=342329 Ack=1 Win=29696 Len=2896 TSval=3040287 TSecr=3040262"
"306","10.943703565","10.0.0.1","10.0.0.2","TCP","1514","54258  >  34569 [ACK] Seq=345225 Ack=1 Win=29696 Len=1448 TSval=3040287 TSecr=3040262"
"307","10.973381037","10.0.0.2","10.0.0.1","TCP","66","34569  >  54258 [ACK] Seq=1 Ack=339433 Win=170496 Len=0 TSval=3040291 TSecr=3040243"
"308","11.032304018","10.0.0.2","10.0.0.1","TCP","66","34569  >  54258 [ACK] Seq=1 Ack=342329 Win=170496 Len=0 TSval=3040305 TSecr=3040274"
"309","11.035608870","10.0.0.1","10.0.0.2","TCP","1514","54258  >  34569 [ACK] Seq=346673 Ack=1 Win=29696 Len=1448 TSval=3040316 TSecr=3040291"
"310","11.082675891","10.0.0.2","10.0.0.1","TCP","66","34569  >  54258 [ACK] Seq=1 Ack=345225 Win=170496 Len=0 TSval=3040318 TSecr=3040287"
"311","11.107023170","10.0.0.1","10.0.0.2","TCP","2962","54258  >  34569 [ACK] Seq=348121 Ack=1 Win=29696 Len=2896 TSval=3040330 TSecr=3040305"
"312","11.156972240","10.0.0.1","10.0.0.2","TCP","2962","54258  >  34569 [ACK] Seq=351017 Ack=1 Win=29696 Len=2896 TSval=3040343 TSecr=3040318"
"313","11.185925549","10.0.0.2","10.0.0.1","TCP","66","34569  >  54258 [ACK] Seq=1 Ack=348121 Win=170496 Len=0 TSval=3040344 TSecr=3040287"
"314","11.257142799","10.0.0.2","10.0.0.1","TCP","66","34569  >  54258 [ACK] Seq=1 Ack=351017 Win=170496 Len=0 TSval=3040361 TSecr=3040330"
"315","11.260266341","10.0.0.1","10.0.0.2","TCP","2962","54258  >  34569 [ACK] Seq=353913 Ack=1 Win=29696 Len=2896 TSval=3040369 TSecr=3040344"
"316","11.307074216","10.0.0.2","10.0.0.1","TCP","66","34569  >  54258 [ACK] Seq=1 Ack=353913 Win=170496 Len=0 TSval=3040374 TSecr=3040343"
"317","11.331431353","10.0.0.1","10.0.0.2","TCP","2962","54258  >  34569 [ACK] Seq=356809 Ack=1 Win=29696 Len=2896 TSval=3040387 TSecr=3040361"
"318","11.381339728","10.0.0.1","10.0.0.2","TCP","2962","54258  >  34569 [ACK] Seq=359705 Ack=1 Win=29696 Len=2896 TSval=3040399 TSecr=3040374"
"319","11.410550785","10.0.0.2","10.0.0.1","TCP","66","34569  >  54258 [ACK] Seq=1 Ack=356809 Win=170496 Len=0 TSval=3040400 TSecr=3040369"
"320","11.481626750","10.0.0.2","10.0.0.1","TCP","66","34569  >  54258 [ACK] Seq=1 Ack=359705 Win=170496 Len=0 TSval=3040418 TSecr=3040387"
"321","11.484944496","10.0.0.1","10.0.0.2","TCP","2962","54258  >  34569 [ACK] Seq=362601 Ack=1 Win=29696 Len=2896 TSval=3040425 TSecr=3040400"
"322","11.531580263","10.0.0.2","10.0.0.1","TCP","66","34569  >  54258 [ACK] Seq=1 Ack=362601 Win=170496 Len=0 TSval=3040430 TSecr=3040399"
"323","11.555933148","10.0.0.1","10.0.0.2","TCP","2962","54258  >  34569 [ACK] Seq=365497 Ack=1 Win=29696 Len=2896 TSval=3040443 TSecr=3040418"
"324","11.606278608","10.0.0.1","10.0.0.2","TCP","2962","54258  >  34569 [ACK] Seq=368393 Ack=1 Win=29696 Len=2896 TSval=3040455 TSecr=3040430"
"325","11.635484571","10.0.0.2","10.0.0.1","TCP","66","34569  >  54258 [ACK] Seq=1 Ack=365497 Win=170496 Len=0 TSval=3040456 TSecr=3040425"
"326","11.706538483","10.0.0.2","10.0.0.1","TCP","66","34569  >  54258 [ACK] Seq=1 Ack=368393 Win=170496 Len=0 TSval=3040474 TSecr=3040443"
"327","11.709851121","10.0.0.1","10.0.0.2","TCP","2962","54258  >  34569 [ACK] Seq=371289 Ack=1 Win=29696 Len=2896 TSval=3040481 TSecr=3040456"
"328","11.756567012","10.0.0.2","10.0.0.1","TCP","66","34569  >  54258 [ACK] Seq=1 Ack=371289 Win=170496 Len=0 TSval=3040486 TSecr=3040455"
"329","11.780820295","10.0.0.1","10.0.0.2","TCP","2962","54258  >  34569 [ACK] Seq=374185 Ack=1 Win=29696 Len=2896 TSval=3040499 TSecr=3040474"
"330","11.860297197","10.0.0.2","10.0.0.1","TCP","66","34569  >  54258 [ACK] Seq=1 Ack=374185 Win=170496 Len=0 TSval=3040512 TSecr=3040481"
"331","11.931450290","10.0.0.2","10.0.0.1","TCP","66","34569  >  54258 [ACK] Seq=1 Ack=377081 Win=170496 Len=0 TSval=3040530 TSecr=3040499"
"332","11.934591673","10.0.0.1","10.0.0.2","TCP","2962","[TCP Previous segment not captured] 54258  >  34569 [ACK] Seq=379977 Ack=1 Win=29696 Len=2896 TSval=3040537 TSecr=3040512"
"333","12.005811097","10.0.0.1","10.0.0.2","TCP","2962","54258  >  34569 [ACK] Seq=382873 Ack=1 Win=29696 Len=2896 TSval=3040555 TSecr=3040530"
"334","12.084986759","10.0.0.2","10.0.0.1","TCP","78","[TCP Dup ACK 331#1] 34569  >  54258 [ACK] Seq=1 Ack=377081 Win=170496 Len=0 TSval=3040568 TSecr=3040499 SLE=379977 SRE=382873"
"335","12.147407649","10.0.0.1","10.0.0.2","TCP","1514","[TCP Out-Of-Order] 54258  >  34569 [ACK] Seq=377081 Ack=1 Win=29696 Len=1448 TSval=3040593 TSecr=3040568"
"336","12.156431311","10.0.0.2","10.0.0.1","TCP","78","[TCP Dup ACK 331#2] 34569  >  54258 [ACK] Seq=1 Ack=377081 Win=170496 Len=0 TSval=3040586 TSecr=3040499 SLE=379977 SRE=385769"
"337","12.218578687","10.0.0.1","10.0.0.2","TCP","1514","[TCP Retransmission] 54258  >  34569 [ACK] Seq=378529 Ack=1 Win=29696 Len=1448 TSval=3040611 TSecr=3040586"
"338","12.230690430","10.0.0.1","10.0.0.2","TCP","1514","54258  >  34569 [ACK] Seq=385769 Ack=1 Win=29696 Len=1448 TSval=3040611 TSecr=3040586"
"339","12.297563476","10.0.0.2","10.0.0.1","TCP","78","34569  >  54258 [ACK] Seq=1 Ack=378529 Win=169472 Len=0 TSval=3040622 TSecr=3040593 SLE=379977 SRE=385769"
"340","12.368901952","10.0.0.2","10.0.0.1","TCP","66","34569  >  54258 [ACK] Seq=1 Ack=385769 Win=168960 Len=0 TSval=3040639 TSecr=3040611"
"341","12.371898656","10.0.0.1","10.0.0.2","TCP","2962","54258  >  34569 [ACK] Seq=387217 Ack=1 Win=29696 Len=2896 TSval=3040647 TSecr=3040622"
"342","12.443171540","10.0.0.1","10.0.0.2","TCP","2962","54258  >  34569 [ACK] Seq=390113 Ack=1 Win=29696 Len=2896 TSval=3040664 TSecr=3040639"
"343","12.469429736","10.0.0.2","10.0.0.1","TCP","66","34569  >  54258 [ACK] Seq=1 Ack=387217 Win=170496 Len=0 TSval=3040665 TSecr=3040611"
"344","12.522115994","10.0.0.2","10.0.0.1","TCP","66","34569  >  54258 [ACK] Seq=1 Ack=390113 Win=170496 Len=0 TSval=3040678 TSecr=3040647"
"345","12.531729849","10.0.0.1","10.0.0.2","TCP","1514","54258  >  34569 [ACK] Seq=393009 Ack=1 Win=29696 Len=1448 TSval=3040690 TSecr=3040665"
"346","12.593587608","10.0.0.2","10.0.0.1","TCP","66","34569  >  54258 [ACK] Seq=1 Ack=393009 Win=170496 Len=0 TSval=3040696 TSecr=3040664"
"347","12.596400666","10.0.0.1","10.0.0.2","TCP","2962","54258  >  34569 [ACK] Seq=394457 Ack=1 Win=29696 Len=2896 TSval=3040703 TSecr=3040678"
"348","12.667896871","10.0.0.1","10.0.0.2","TCP","2962","54258  >  34569 [ACK] Seq=397353 Ack=1 Win=29696 Len=2896 TSval=3040721 TSecr=3040696"
"349","12.746622519","10.0.0.2","10.0.0.1","TCP","66","34569  >  54258 [ACK] Seq=1 Ack=397353 Win=170496 Len=0 TSval=3040734 TSecr=3040690"
"350","12.818099646","10.0.0.2","10.0.0.1","TCP","66","34569  >  54258 [ACK] Seq=1 Ack=400249 Win=170496 Len=0 TSval=3040752 TSecr=3040721"
"351","12.820881983","10.0.0.1","10.0.0.2","TCP","2962","54258  >  34569 [ACK] Seq=400249 Ack=1 Win=29696 Len=2896 TSval=3040759 TSecr=3040734"
"352","12.845111330","10.0.0.1","10.0.0.2","TCP","2962","54258  >  34569 [ACK] Seq=403145 Ack=1 Win=29696 Len=2896 TSval=3040759 TSecr=3040734"
"353","12.880277208","10.0.0.1","10.0.0.2","TCP","1514","[TCP Previous segment not captured] 54258  >  34569 [ACK] Seq=408937 Ack=1 Win=29696 Len=1448 TSval=3040777 TSecr=3040752"
"354","12.971482120","10.0.0.2","10.0.0.1","TCP","66","34569  >  54258 [ACK] Seq=1 Ack=403145 Win=170496 Len=0 TSval=3040790 TSecr=3040759"
"355","12.995525362","10.0.0.2","10.0.0.1","TCP","66","34569  >  54258 [ACK] Seq=1 Ack=406041 Win=170496 Len=0 TSval=3040796 TSecr=3040759"
"356","13.030411215","10.0.0.2","10.0.0.1","TCP","78","[TCP Dup ACK 355#1] 34569  >  54258 [ACK] Seq=1 Ack=406041 Win=170496 Len=0 TSval=3040805 TSecr=3040759 SLE=408937 SRE=410385"
"357","13.033682515","10.0.0.1","10.0.0.2","TCP","1514","54258  >  34569 [ACK] Seq=410385 Ack=1 Win=29696 Len=1448 TSval=3040815 TSecr=3040790"
"358","13.069805934","10.0.0.1","10.0.0.2","TCP","2962","54258  >  34569 [ACK] Seq=411833 Ack=1 Win=29696 Len=2896 TSval=3040821 TSecr=3040796"
"359","13.104667167","10.0.0.1","10.0.0.2","TCP","2962","54258  >  34569 [ACK] Seq=414729 Ack=1 Win=29696 Len=2896 TSval=3040830 TSecr=3040805"
"360","13.184198178","10.0.0.2","10.0.0.1","TCP","78","[TCP Dup ACK 355#2] 34569  >  54258 [ACK] Seq=1 Ack=406041 Win=170496 Len=0 TSval=3040843 TSecr=3040759 SLE=408937 SRE=411833"
"361","13.220193678","10.0.0.2","10.0.0.1","TCP","78","[TCP Dup ACK 355#3] 34569  >  54258 [ACK] Seq=1 Ack=406041 Win=170496 Len=0 TSval=3040852 TSecr=3040759 SLE=408937 SRE=414729"
"362","13.246429562","10.0.0.1","10.0.0.2","TCP","1514","[TCP Out-Of-Order] 54258  >  34569 [ACK] Seq=406041 Ack=1 Win=29696 Len=1448 TSval=3040868 TSecr=3040843"
"363","13.254912353","10.0.0.2","10.0.0.1","TCP","78","[TCP Dup ACK 355#4] 34569  >  54258 [ACK] Seq=1 Ack=406041 Win=170496 Len=0 TSval=3040861 TSecr=3040759 SLE=408937 SRE=417625"
"364","13.282469976","10.0.0.1","10.0.0.2","TCP","1514","[TCP Out-Of-Order] 54258  >  34569 [ACK] Seq=407489 Ack=1 Win=29696 Len=1448 TSval=3040877 TSecr=3040852"
"365","13.396806969","10.0.0.2","10.0.0.1","TCP","78","34569  >  54258 [ACK] Seq=1 Ack=407489 Win=169472 Len=0 TSval=3040896 TSecr=3040868 SLE=408937 SRE=417625"
"366","13.432660183","10.0.0.2","10.0.0.1","TCP","66","34569  >  54258 [ACK] Seq=1 Ack=417625 Win=166912 Len=0 TSval=3040905 TSecr=3040877"
"367","13.506995975","10.0.0.1","10.0.0.2","TCP","2962","[TCP Previous segment not captured] 54258  >  34569 [ACK] Seq=421969 Ack=1 Win=29696 Len=2896 TSval=3040930 TSecr=3040905"
"368","13.657526079","10.0.0.2","10.0.0.1","TCP","78","[TCP Window Update] 34569  >  54258 [ACK] Seq=1 Ack=417625 Win=170496 Len=0 TSval=3040962 TSecr=3040877 SLE=421969 SRE=424865"
"369","13.719763842","10.0.0.1","10.0.0.2","TCP","1514","[TCP Retransmission] 54258  >  34569 [ACK] Seq=417625 Ack=1 Win=29696 Len=1448 TSval=3040987 TSecr=3040962"
"370","13.732035304","10.0.0.1","10.0.0.2","TCP","1514","[TCP Retransmission] 54258  >  34569 [ACK] Seq=419073 Ack=1 Win=29696 Len=1448 TSval=3040987 TSecr=3040962"
"371","13.870246842","10.0.0.2","10.0.0.1","TCP","78","34569  >  54258 [ACK] Seq=1 Ack=419073 Win=169472 Len=0 TSval=3041015 TSecr=3040987 SLE=421969 SRE=424865"
"372","13.882421390","10.0.0.2","10.0.0.1","TCP","78","34569  >  54258 [ACK] Seq=1 Ack=420521 Win=169472 Len=0 TSval=3041018 TSecr=3040987 SLE=421969 SRE=424865"
"373","13.932414126","10.0.0.1","10.0.0.2","TCP","1514","[TCP Retransmission] 54258  >  34569 [ACK] Seq=420521 Ack=1 Win=29696 Len=1448 TSval=3041040 TSecr=3041015"
"374","13.944531996","10.0.0.1","10.0.0.2","TCP","1514","54258  >  34569 [ACK] Seq=424865 Ack=1 Win=29696 Len=1448 TSval=3041040 TSecr=3041015"
"375","13.956641244","10.0.0.1","10.0.0.2","TCP","1514","54258  >  34569 [ACK] Seq=426313 Ack=1 Win=29696 Len=1448 TSval=3041043 TSecr=3041018"
"376","14.083035563","10.0.0.2","10.0.0.1","TCP","66","34569  >  54258 [ACK] Seq=1 Ack=424865 Win=169472 Len=0 TSval=3041068 TSecr=3041040"
"377","14.107276370","10.0.0.2","10.0.0.1","TCP","66","34569  >  54258 [ACK] Seq=1 Ack=427761 Win=170496 Len=0 TSval=3041074 TSecr=3041040"
"378","14.157568921","10.0.0.1","10.0.0.2","TCP","2962","54258  >  34569 [ACK] Seq=427761 Ack=1 Win=29696 Len=2896 TSval=3041093 TSecr=3041068"
"379","14.181652799","10.0.0.1","10.0.0.2","TCP","2962","54258  >  34569 [ACK] Seq=430657 Ack=1 Win=29696 Len=2896 TSval=3041099 TSecr=3041074"
"380","14.308718844","10.0.0.2","10.0.0.1","TCP","66","34569  >  54258 [ACK] Seq=1 Ack=430657 Win=170496 Len=0 TSval=3041124 TSecr=3041093"
"381","14.331820303","10.0.0.2","10.0.0.1","TCP","66","34569  >  54258 [ACK] Seq=1 Ack=433553 Win=170496 Len=0 TSval=3041130 TSecr=3041099"
"382","14.383211551","10.0.0.1","10.0.0.2","TCP","2962","54258  >  34569 [ACK] Seq=433553 Ack=1 Win=29696 Len=2896 TSval=3041149 TSecr=3041124"
"383","14.407454324","10.0.0.1","10.0.0.2","TCP","2962","54258  >  34569 [ACK] Seq=436449 Ack=1 Win=29696 Len=2896 TSval=3041155 TSecr=3041130"
"384","14.533610539","10.0.0.2","10.0.0.1","TCP","66","34569  >  54258 [ACK] Seq=1 Ack=436449 Win=170496 Len=0 TSval=3041181 TSecr=3041149"
"385","14.557955834","10.0.0.2","10.0.0.1","TCP","66","34569  >  54258 [ACK] Seq=1 Ack=439345 Win=170496 Len=0 TSval=3041187 TSecr=3041155"
"386","14.632289102","10.0.0.1","10.0.0.2","TCP","2962","[TCP Previous segment not captured] 54258  >  34569 [ACK] Seq=442241 Ack=1 Win=29696 Len=2896 TSval=3041212 TSecr=3041187"
"387","14.782666019","10.0.0.2","10.0.0.1","TCP","78","[TCP Dup ACK 385#1] 34569  >  54258 [ACK] Seq=1 Ack=439345 Win=170496 Len=0 TSval=3041243 TSecr=3041155 SLE=442241 SRE=445137"
"388","14.844891722","10.0.0.1","10.0.0.2","TCP","1514","[TCP Retransmission] 54258  >  34569 [ACK] Seq=439345 Ack=1 Win=29696 Len=1448 TSval=3041268 TSecr=3041243"
"389","14.995167940","10.0.0.2","10.0.0.1","TCP","78","34569  >  54258 [ACK] Seq=1 Ack=440793 Win=169472 Len=0 TSval=3041296 TSecr=3041268 SLE=442241 SRE=445137"
"390","15.057534336","10.0.0.1","10.0.0.2","TCP","1514","[TCP Retransmission] 54258  >  34569 [ACK] Seq=440793 Ack=1 Win=29696 Len=1448 TSval=3041321 TSecr=3041296"
"391","15.069523472","10.0.0.1","10.0.0.2","TCP","1514","54258  >  34569 [ACK] Seq=445137 Ack=1 Win=29696 Len=1448 TSval=3041321 TSecr=3041296"
"392","15.208154273","10.0.0.2","10.0.0.1","TCP","66","34569  >  54258 [ACK] Seq=1 Ack=445137 Win=169472 Len=0 TSval=3041349 TSecr=3041321"
"393","15.257412848","10.0.0.2","10.0.0.1","TCP","66","34569  >  54258 [ACK] Seq=1 Ack=446585 Win=170496 Len=0 TSval=3041362 TSecr=3041321"
"394","15.270333151","10.0.0.1","10.0.0.2","TCP","1514","54258  >  34569 [ACK] Seq=446585 Ack=1 Win=29696 Len=1448 TSval=3041374 TSecr=3041349"
"395","15.282449408","10.0.0.1","10.0.0.2","TCP","1514","54258  >  34569 [ACK] Seq=448033 Ack=1 Win=29696 Len=1448 TSval=3041374 TSecr=3041349"
"396","15.319696453","10.0.0.1","10.0.0.2","TCP","1514","54258  >  34569 [ACK] Seq=449481 Ack=1 Win=29696 Len=1448 TSval=3041387 TSecr=3041362"
"397","15.432547241","10.0.0.2","10.0.0.1","TCP","66","34569  >  54258 [ACK] Seq=1 Ack=449481 Win=170496 Len=0 TSval=3041405 TSecr=3041374"
"398","15.506984153","10.0.0.1","10.0.0.2","TCP","2962","54258  >  34569 [ACK] Seq=450929 Ack=1 Win=29696 Len=2896 TSval=3041430 TSecr=3041405"
"399","15.537463544","10.0.0.2","10.0.0.1","TCP","66","34569  >  54258 [ACK] Seq=1 Ack=450929 Win=170496 Len=0 TSval=3041432 TSecr=3041387"
"400","15.611780096","10.0.0.1","10.0.0.2","TCP","2962","54258  >  34569 [ACK] Seq=453825 Ack=1 Win=29696 Len=2896 TSval=3041457 TSecr=3041432"
"401","15.657428271","10.0.0.2","10.0.0.1","TCP","66","34569  >  54258 [ACK] Seq=1 Ack=453825 Win=170496 Len=0 TSval=3041462 TSecr=3041430"
"402","15.731882863","10.0.0.1","10.0.0.2","TCP","2962","54258  >  34569 [ACK] Seq=456721 Ack=1 Win=29696 Len=2896 TSval=3041487 TSecr=3041462"
"403","15.762075481","10.0.0.2","10.0.0.1","TCP","66","34569  >  54258 [ACK] Seq=1 Ack=456721 Win=170496 Len=0 TSval=3041488 TSecr=3041457"
"404","15.836356362","10.0.0.1","10.0.0.2","TCP","2962","54258  >  34569 [ACK] Seq=459617 Ack=1 Win=29696 Len=2896 TSval=3041513 TSecr=3041488"
"405","15.882075408","10.0.0.2","10.0.0.1","TCP","66","34569  >  54258 [ACK] Seq=1 Ack=459617 Win=170496 Len=0 TSval=3041518 TSecr=3041487"
"406","15.956406603","10.0.0.1","10.0.0.2","TCP","2962","54258  >  34569 [ACK] Seq=462513 Ack=1 Win=29696 Len=2896 TSval=3041543 TSecr=3041518"
"407","15.986904428","10.0.0.2","10.0.0.1","TCP","66","34569  >  54258 [ACK] Seq=1 Ack=462513 Win=170496 Len=0 TSval=3041544 TSecr=3041513"
"408","16.061355328","10.0.0.1","10.0.0.2","TCP","2962","54258  >  34569 [ACK] Seq=465409 Ack=1 Win=29696 Len=2896 TSval=3041569 TSecr=3041544"
"409","16.106855199","10.0.0.2","10.0.0.1","TCP","66","34569  >  54258 [ACK] Seq=1 Ack=465409 Win=170496 Len=0 TSval=3041574 TSecr=3041543"
"410","16.181364232","10.0.0.1","10.0.0.2","TCP","2962","54258  >  34569 [ACK] Seq=468305 Ack=1 Win=29696 Len=2896 TSval=3041599 TSecr=3041574"
"411","16.211815123","10.0.0.2","10.0.0.1","TCP","66","34569  >  54258 [ACK] Seq=1 Ack=468305 Win=170496 Len=0 TSval=3041600 TSecr=3041569"
"412","16.286084649","10.0.0.1","10.0.0.2","TCP","2962","54258  >  34569 [ACK] Seq=471201 Ack=1 Win=29696 Len=2896 TSval=3041625 TSecr=3041600"
"413","16.331523074","10.0.0.2","10.0.0.1","TCP","66","34569  >  54258 [ACK] Seq=1 Ack=471201 Win=170496 Len=0 TSval=3041630 TSecr=3041599"
"414","16.406131830","10.0.0.1","10.0.0.2","TCP","2962","54258  >  34569 [ACK] Seq=474097 Ack=1 Win=29696 Len=2896 TSval=3041655 TSecr=3041630"
"415","16.436627628","10.0.0.2","10.0.0.1","TCP","66","34569  >  54258 [ACK] Seq=1 Ack=474097 Win=170496 Len=0 TSval=3041656 TSecr=3041625"
"416","16.511006792","10.0.0.1","10.0.0.2","TCP","2962","54258  >  34569 [ACK] Seq=476993 Ack=1 Win=29696 Len=2896 TSval=3041681 TSecr=3041656"
"417","16.523009251","10.0.0.1","10.0.0.2","TCP","1514","54258  >  34569 [ACK] Seq=479889 Ack=1 Win=29696 Len=1448 TSval=3041681 TSecr=3041656"
"418","16.556595168","10.0.0.2","10.0.0.1","TCP","66","34569  >  54258 [ACK] Seq=1 Ack=476993 Win=170496 Len=0 TSval=3041686 TSecr=3041655"
"419","16.631302054","10.0.0.1","10.0.0.2","TCP","2962","54258  >  34569 [ACK] Seq=481337 Ack=1 Win=29696 Len=2896 TSval=3041711 TSecr=3041686"
"420","16.661793339","10.0.0.2","10.0.0.1","TCP","66","34569  >  54258 [ACK] Seq=1 Ack=479889 Win=170496 Len=0 TSval=3041713 TSecr=3041681"
"421","16.736326924","10.0.0.1","10.0.0.2","TCP","2962","54258  >  34569 [ACK] Seq=484233 Ack=1 Win=29696 Len=2896 TSval=3041738 TSecr=3041713"
"422","16.781524576","10.0.0.2","10.0.0.1","TCP","66","34569  >  54258 [ACK] Seq=1 Ack=484233 Win=170496 Len=0 TSval=3041743 TSecr=3041681"
"423","16.855864494","10.0.0.1","10.0.0.2","TCP","2962","54258  >  34569 [ACK] Seq=487129 Ack=1 Win=29696 Len=2896 TSval=3041768 TSecr=3041743"
"424","16.886564408","10.0.0.2","10.0.0.1","TCP","66","34569  >  54258 [ACK] Seq=1 Ack=487129 Win=170496 Len=0 TSval=3041769 TSecr=3041738"
"425","16.960923192","10.0.0.1","10.0.0.2","TCP","2962","[TCP Previous segment not captured] 54258  >  34569 [ACK] Seq=492921 Ack=1 Win=29696 Len=2896 TSval=3041794 TSecr=3041769"
"426","17.005990911","10.0.0.2","10.0.0.1","TCP","66","34569  >  54258 [ACK] Seq=1 Ack=490025 Win=170496 Len=0 TSval=3041799 TSecr=3041768"
"427","17.080651746","10.0.0.1","10.0.0.2","TCP","2962","54258  >  34569 [ACK] Seq=495817 Ack=1 Win=29696 Len=2896 TSval=3041824 TSecr=3041799"
"428","17.111574455","10.0.0.2","10.0.0.1","TCP","78","[TCP Dup ACK 426#1] 34569  >  54258 [ACK] Seq=1 Ack=490025 Win=170496 Len=0 TSval=3041825 TSecr=3041768 SLE=492921 SRE=495817"
"429","17.231024699","10.0.0.2","10.0.0.1","TCP","78","[TCP Dup ACK 426#2] 34569  >  54258 [ACK] Seq=1 Ack=490025 Win=170496 Len=0 TSval=3041855 TSecr=3041768 SLE=492921 SRE=498713"
"430","17.293208821","10.0.0.1","10.0.0.2","TCP","1514","[TCP Retransmission] 54258  >  34569 [ACK] Seq=491473 Ack=1 Win=29696 Len=1448 TSval=3041880 TSecr=3041855"
"431","17.305291327","10.0.0.1","10.0.0.2","TCP","1514","54258  >  34569 [ACK] Seq=498713 Ack=1 Win=29696 Len=1448 TSval=3041880 TSecr=3041855"
"432","17.443404437","10.0.0.2","10.0.0.1","TCP","78","[TCP Dup ACK 426#3] 34569  >  54258 [ACK] Seq=1 Ack=490025 Win=170496 Len=0 TSval=3041908 TSecr=3041768 SLE=491473 SRE=498713"
"433","17.455597573","10.0.0.2","10.0.0.1","TCP","78","[TCP Dup ACK 426#4] 34569  >  54258 [ACK] Seq=1 Ack=490025 Win=170496 Len=0 TSval=3041911 TSecr=3041768 SLE=491473 SRE=500161"
"434","17.505756466","10.0.0.1","10.0.0.2","TCP","1514","[TCP Out-Of-Order] 54258  >  34569 [ACK] Seq=490025 Ack=1 Win=29696 Len=1448 TSval=3041933 TSecr=3041908"
"435","17.517811108","10.0.0.1","10.0.0.2","TCP","1514","54258  >  34569 [ACK] Seq=500161 Ack=1 Win=29696 Len=1448 TSval=3041936 TSecr=3041911"
"436","17.656232120","10.0.0.2","10.0.0.1","TCP","66","34569  >  54258 [ACK] Seq=1 Ack=500161 Win=165376 Len=0 TSval=3041961 TSecr=3041933"
"437","17.668084005","10.0.0.2","10.0.0.1","TCP","66","34569  >  54258 [ACK] Seq=1 Ack=501609 Win=170496 Len=0 TSval=3041964 TSecr=3041936"
"438","17.730713175","10.0.0.1","10.0.0.2","TCP","2962","54258  >  34569 [ACK] Seq=501609 Ack=1 Win=29696 Len=2896 TSval=3041986 TSecr=3041961"
"439","17.754909770","10.0.0.1","10.0.0.2","TCP","2962","54258  >  34569 [ACK] Seq=504505 Ack=1 Win=29696 Len=2896 TSval=3041986 TSecr=3041961"
"440","17.766836716","10.0.0.1","10.0.0.2","TCP","1514","54258  >  34569 [ACK] Seq=507401 Ack=1 Win=29696 Len=1448 TSval=3041989 TSecr=3041964"
"441","17.881039839","10.0.0.2","10.0.0.1","TCP","66","34569  >  54258 [ACK] Seq=1 Ack=504505 Win=170496 Len=0 TSval=3042017 TSecr=3041986"
"442","17.905125595","10.0.0.2","10.0.0.1","TCP","66","34569  >  54258 [ACK] Seq=1 Ack=507401 Win=170496 Len=0 TSval=3042023 TSecr=3041986"
"443","17.917096358","10.0.0.2","10.0.0.1","TCP","66","34569  >  54258 [ACK] Seq=1 Ack=508849 Win=170496 Len=0 TSval=3042026 TSecr=3041989"
"444","17.979495457","10.0.0.1","10.0.0.2","TCP","2962","[TCP Previous segment not captured] 54258  >  34569 [ACK] Seq=511745 Ack=1 Win=29696 Len=2896 TSval=3042049 TSecr=3042023"
"445","17.991587137","10.0.0.1","10.0.0.2","TCP","1514","54258  >  34569 [ACK] Seq=514641 Ack=1 Win=29696 Len=1448 TSval=3042049 TSecr=3042023"
"446","18.003891642","10.0.0.1","10.0.0.2","TCP","1514","54258  >  34569 [ACK] Seq=516089 Ack=1 Win=29696 Len=1448 TSval=3042051 TSecr=3042026"
"447","18.129765388","10.0.0.2","10.0.0.1","TCP","78","[TCP Dup ACK 443#1] 34569  >  54258 [ACK] Seq=1 Ack=508849 Win=170496 Len=0 TSval=3042080 TSecr=3041989 SLE=511745 SRE=514641"
"448","18.141908354","10.0.0.2","10.0.0.1","TCP","78","[TCP Dup ACK 443#2] 34569  >  54258 [ACK] Seq=1 Ack=508849 Win=170496 Len=0 TSval=3042083 TSecr=3041989 SLE=511745 SRE=516089"
"449","18.154340745","10.0.0.2","10.0.0.1","TCP","78","[TCP Dup ACK 443#3] 34569  >  54258 [ACK] Seq=1 Ack=508849 Win=170496 Len=0 TSval=3042086 TSecr=3041989 SLE=511745 SRE=517537"
"450","18.192022646","10.0.0.1","10.0.0.2","TCP","1514","[TCP Out-Of-Order] 54258  >  34569 [ACK] Seq=508849 Ack=1 Win=29696 Len=1448 TSval=3042105 TSecr=3042080"
"451","18.204322773","10.0.0.1","10.0.0.2","TCP","1514","[TCP Out-Of-Order] 54258  >  34569 [ACK] Seq=510297 Ack=1 Win=29696 Len=1448 TSval=3042108 TSecr=3042083"
"452","18.216534723","10.0.0.1","10.0.0.2","TCP","1514","54258  >  34569 [ACK] Seq=517537 Ack=1 Win=29696 Len=1448 TSval=3042111 TSecr=3042086"
"453","18.342211304","10.0.0.2","10.0.0.1","TCP","78","34569  >  54258 [ACK] Seq=1 Ack=510297 Win=169472 Len=0 TSval=3042133 TSecr=3042105 SLE=511745 SRE=517537"
"454","18.355502300","10.0.0.2","10.0.0.1","TCP","66","34569  >  54258 [ACK] Seq=1 Ack=517537 Win=167936 Len=0 TSval=3042136 TSecr=3042108"
"455","18.366649151","10.0.0.2","10.0.0.1","TCP","66","34569  >  54258 [ACK] Seq=1 Ack=518985 Win=170496 Len=0 TSval=3042139 TSecr=3042111"
"456","18.416472588","10.0.0.1","10.0.0.2","TCP","2962","54258  >  34569 [ACK] Seq=518985 Ack=1 Win=29696 Len=2896 TSval=3042158 TSecr=3042133"
"457","18.440744754","10.0.0.1","10.0.0.2","TCP","2962","54258  >  34569 [ACK] Seq=521881 Ack=1 Win=29696 Len=2896 TSval=3042161 TSecr=3042136"
"458","18.452816191","10.0.0.1","10.0.0.2","TCP","1514","54258  >  34569 [ACK] Seq=524777 Ack=1 Win=29696 Len=1448 TSval=3042164 TSecr=3042139"
"459","18.566892219","10.0.0.2","10.0.0.1","TCP","66","34569  >  54258 [ACK] Seq=1 Ack=521881 Win=170496 Len=0 TSval=3042189 TSecr=3042158"
"460","18.591084757","10.0.0.2","10.0.0.1","TCP","66","34569  >  54258 [ACK] Seq=1 Ack=524777 Win=170496 Len=0 TSval=3042195 TSecr=3042161"
"461","18.603152757","10.0.0.2","10.0.0.1","TCP","66","34569  >  54258 [ACK] Seq=1 Ack=526225 Win=170496 Len=0 TSval=3042198 TSecr=3042164"
"462","18.641654337","10.0.0.1","10.0.0.2","TCP","2962","54258  >  34569 [ACK] Seq=526225 Ack=1 Win=29696 Len=2896 TSval=3042214 TSecr=3042189"
"463","18.665485729","10.0.0.1","10.0.0.2","TCP","2962","54258  >  34569 [ACK] Seq=529121 Ack=1 Win=29696 Len=2896 TSval=3042220 TSecr=3042195"
"464","18.690096786","10.0.0.1","10.0.0.2","TCP","2962","54258  >  34569 [ACK] Seq=532017 Ack=1 Win=29696 Len=2896 TSval=3042223 TSecr=3042198"
"465","18.792337905","10.0.0.2","10.0.0.1","TCP","66","34569  >  54258 [ACK] Seq=1 Ack=529121 Win=170496 Len=0 TSval=3042245 TSecr=3042214"
"466","18.815744273","10.0.0.2","10.0.0.1","TCP","66","34569  >  54258 [ACK] Seq=1 Ack=532017 Win=170496 Len=0 TSval=3042251 TSecr=3042220"
"467","18.840835988","10.0.0.2","10.0.0.1","TCP","66","34569  >  54258 [ACK] Seq=1 Ack=534913 Win=170496 Len=0 TSval=3042257 TSecr=3042223"
"468","18.890218124","10.0.0.1","10.0.0.2","TCP","2962","[TCP Previous segment not captured] 54258  >  34569 [ACK] Seq=537809 Ack=1 Win=29696 Len=2896 TSval=3042276 TSecr=3042251"
"469","18.915111757","10.0.0.1","10.0.0.2","TCP","2962","54258  >  34569 [ACK] Seq=540705 Ack=1 Win=29696 Len=2896 TSval=3042282 TSecr=3042257"
"470","19.040772845","10.0.0.2","10.0.0.1","TCP","78","[TCP Dup ACK 467#1] 34569  >  54258 [ACK] Seq=1 Ack=534913 Win=170496 Len=0 TSval=3042307 TSecr=3042223 SLE=537809 SRE=540705"
"471","19.065255726","10.0.0.2","10.0.0.1","TCP","78","[TCP Dup ACK 467#2] 34569  >  54258 [ACK] Seq=1 Ack=534913 Win=170496 Len=0 TSval=3042314 TSecr=3042223 SLE=537809 SRE=543601"
"472","19.103092533","10.0.0.1","10.0.0.2","TCP","1514","[TCP Out-Of-Order] 54258  >  34569 [ACK] Seq=534913 Ack=1 Win=29696 Len=1448 TSval=3042332 TSecr=3042307"
"473","19.127629710","10.0.0.1","10.0.0.2","TCP","1514","[TCP Retransmission] 54258  >  34569 [ACK] Seq=536361 Ack=1 Win=29696 Len=1448 TSval=3042339 TSecr=3042314"
"474","19.253531984","10.0.0.2","10.0.0.1","TCP","78","34569  >  54258 [ACK] Seq=1 Ack=536361 Win=169472 Len=0 TSval=3042361 TSecr=3042332 SLE=537809 SRE=543601"
"475","19.278272965","10.0.0.2","10.0.0.1","TCP","66","34569  >  54258 [ACK] Seq=1 Ack=543601 Win=168960 Len=0 TSval=3042367 TSecr=3042339"
"476","19.327793782","10.0.0.1","10.0.0.2","TCP","2962","[TCP Previous segment not captured] 54258  >  34569 [ACK] Seq=545049 Ack=1 Win=29696 Len=2896 TSval=3042386 TSecr=3042361"
"477","19.490223872","10.0.0.2","10.0.0.1","TCP","78","[TCP Window Update] 34569  >  54258 [ACK] Seq=1 Ack=543601 Win=170496 Len=0 TSval=3042420 TSecr=3042339 SLE=545049 SRE=547945"
"478","19.564804902","10.0.0.1","10.0.0.2","TCP","2962","[TCP Previous segment not captured] 54258  >  34569 [ACK] Seq=550841 Ack=1 Win=29696 Len=2896 TSval=3042445 TSecr=3042420"
"479","19.576844880","10.0.0.1","10.0.0.2","TCP","1514","[TCP Out-Of-Order] 54258  >  34569 [ACK] Seq=543601 Ack=1 Win=29696 Len=1448 TSval=3042446 TSecr=3042420"
"480","19.722041548","10.0.0.2","10.0.0.1","TCP","86","[TCP Dup ACK 475#1] 34569  >  54258 [ACK] Seq=1 Ack=543601 Win=170496 Len=0 TSval=3042478 TSecr=3042339 SLE=550841 SRE=553737 SLE=545049 SRE=547945"
"481","19.769946948","10.0.0.2","10.0.0.1","TCP","78","34569  >  54258 [ACK] Seq=1 Ack=547945 Win=167424 Len=0 TSval=3042490 TSecr=3042446 SLE=550841 SRE=553737"
"482","19.784226273","10.0.0.1","10.0.0.2","TCP","1514","[TCP Retransmission] 54258  >  34569 [ACK] Seq=547945 Ack=1 Win=29696 Len=1448 TSval=3042503 TSecr=3042478"
"483","19.832105279","10.0.0.1","10.0.0.2","TCP","1514","[TCP Retransmission] 54258  >  34569 [ACK] Seq=549393 Ack=1 Win=29696 Len=1448 TSval=3042515 TSecr=3042490"
"484","19.844282664","10.0.0.1","10.0.0.2","TCP","1514","54258  >  34569 [ACK] Seq=553737 Ack=1 Win=29696 Len=1448 TSval=3042515 TSecr=3042490"
"485","19.976095302","10.0.0.2","10.0.0.1","TCP","78","34569  >  54258 [ACK] Seq=1 Ack=549393 Win=169472 Len=0 TSval=3042541 TSecr=3042503 SLE=550841 SRE=553737"
"486","20.036815047","10.0.0.2","10.0.0.1","TCP","66","34569  >  54258 [ACK] Seq=1 Ack=553737 Win=169472 Len=0 TSval=3042556 TSecr=3042515"
"487","20.038335698","10.0.0.1","10.0.0.2","TCP","1514","54258  >  34569 [ACK] Seq=555185 Ack=1 Win=29696 Len=1448 TSval=3042566 TSecr=3042541"
"488","20.111211993","10.0.0.1","10.0.0.2","TCP","2962","54258  >  34569 [ACK] Seq=556633 Ack=1 Win=29696 Len=2896 TSval=3042581 TSecr=3042556"
"489","20.125430119","10.0.0.2","10.0.0.1","TCP","66","34569  >  54258 [ACK] Seq=1 Ack=555185 Win=170496 Len=0 TSval=3042579 TSecr=3042515"
"490","20.187746597","10.0.0.1","10.0.0.2","TCP","1514","54258  >  34569 [ACK] Seq=559529 Ack=1 Win=29696 Len=1448 TSval=3042604 TSecr=3042579"
"491","20.356653609","10.0.0.2","10.0.0.1","TCP","66","34569  >  54258 [ACK] Seq=1 Ack=559529 Win=170496 Len=0 TSval=3042636 TSecr=3042566"
"492","20.431040319","10.0.0.1","10.0.0.2","TCP","2962","54258  >  34569 [ACK] Seq=560977 Ack=1 Win=29696 Len=2896 TSval=3042661 TSecr=3042636"
"493","20.455209395","10.0.0.1","10.0.0.2","TCP","2962","54258  >  34569 [ACK] Seq=563873 Ack=1 Win=29696 Len=2896 TSval=3042661 TSecr=3042636"
"494","20.617772175","10.0.0.2","10.0.0.1","TCP","66","34569  >  54258 [ACK] Seq=1 Ack=560977 Win=170496 Len=0 TSval=3042702 TSecr=3042604"
"495","20.680003716","10.0.0.1","10.0.0.2","TCP","1514","54258  >  34569 [ACK] Seq=566769 Ack=1 Win=29696 Len=1448 TSval=3042727 TSecr=3042702"
"496","20.708539957","10.0.0.2","10.0.0.1","TCP","66","34569  >  54258 [ACK] Seq=1 Ack=563873 Win=170496 Len=0 TSval=3042724 TSecr=3042661"
"497","20.756510411","10.0.0.2","10.0.0.1","TCP","66","34569  >  54258 [ACK] Seq=1 Ack=566769 Win=170496 Len=0 TSval=3042736 TSecr=3042661"
"498","20.783084038","10.0.0.1","10.0.0.2","TCP","2962","54258  >  34569 [ACK] Seq=568217 Ack=1 Win=29696 Len=2896 TSval=3042749 TSecr=3042724"
"499","20.830792111","10.0.0.1","10.0.0.2","TCP","2962","54258  >  34569 [ACK] Seq=571113 Ack=1 Win=29696 Len=2896 TSval=3042761 TSecr=3042736"
"500","21.132101058","10.0.0.2","10.0.0.1","TCP","66","34569  >  54258 [ACK] Seq=1 Ack=571113 Win=170496 Len=0 TSval=3042830 TSecr=3042727"
"501","21.204565580","10.0.0.2","10.0.0.1","TCP","66","34569  >  54258 [ACK] Seq=1 Ack=574009 Win=170496 Len=0 TSval=3042848 TSecr=3042761"
"502","21.206652506","10.0.0.1","10.0.0.2","TCP","2962","54258  >  34569 [ACK] Seq=574009 Ack=1 Win=29696 Len=2896 TSval=3042855 TSecr=3042830"
"503","21.278861004","10.0.0.1","10.0.0.2","TCP","2962","54258  >  34569 [ACK] Seq=576905 Ack=1 Win=29696 Len=2896 TSval=3042873 TSecr=3042848"
"504","21.290938504","10.0.0.1","10.0.0.2","TCP","1514","54258  >  34569 [ACK] Seq=579801 Ack=1 Win=29696 Len=1448 TSval=3042873 TSecr=3042848"
"505","21.442408728","00:00:00_00:00:02","00:00:00_00:00:01","ARP","42","Who has 10.0.0.1? Tell 10.0.0.2"
"506","21.492974725","00:00:00_00:00:01","00:00:00_00:00:02","ARP","42","10.0.0.1 is at 00:00:00:00:00:01"
"507","21.604570655","10.0.0.2","10.0.0.1","TCP","66","34569  >  54258 [ACK] Seq=1 Ack=576905 Win=170496 Len=0 TSval=3042948 TSecr=3042855"
"508","21.678957908","10.0.0.1","10.0.0.2","TCP","2962","54258  >  34569 [ACK] Seq=581249 Ack=1 Win=29696 Len=2896 TSval=3042973 TSecr=3042948"
"509","21.701296257","10.0.0.2","10.0.0.1","TCP","66","34569  >  54258 [ACK] Seq=1 Ack=579801 Win=170496 Len=0 TSval=3042972 TSecr=3042873"
"510","21.775686200","10.0.0.1","10.0.0.2","TCP","2962","54258  >  34569 [ACK] Seq=584145 Ack=1 Win=29696 Len=2896 TSval=3042998 TSecr=3042972"
"511","21.837613084","10.0.0.2","10.0.0.1","TCP","66","34569  >  54258 [ACK] Seq=1 Ack=581249 Win=170496 Len=0 TSval=3043007 TSecr=3042873"
"512","21.899874980","10.0.0.1","10.0.0.2","TCP","1514","54258  >  34569 [ACK] Seq=587041 Ack=1 Win=29696 Len=1448 TSval=3043032 TSecr=3043007"
"513","22.138115466","10.0.0.2","10.0.0.1","TCP","66","34569  >  54258 [ACK] Seq=1 Ack=584145 Win=170496 Len=0 TSval=3043082 TSecr=3042973"
"514","22.212556083","10.0.0.1","10.0.0.2","TCP","2962","54258  >  34569 [ACK] Seq=588489 Ack=1 Win=29696 Len=2896 TSval=3043107 TSecr=3043082"
"515","22.258637904","10.0.0.2","10.0.0.1","TCP","66","34569  >  54258 [ACK] Seq=1 Ack=587041 Win=170496 Len=0 TSval=3043112 TSecr=3042998"
"516","22.593864875","10.0.0.2","10.0.0.1","TCP","66","34569  >  54258 [ACK] Seq=1 Ack=588489 Win=170496 Len=0 TSval=3043196 TSecr=3043032"
"517","22.656212076","10.0.0.1","10.0.0.2","TCP","1514","[TCP Previous segment not captured] 54258  >  34569 [ACK] Seq=594281 Ack=1 Win=29696 Len=1448 TSval=3043221 TSecr=3043196"
"518","22.718719209","10.0.0.2","10.0.0.1","TCP","66","34569  >  54258 [ACK] Seq=1 Ack=591385 Win=170496 Len=0 TSval=3043227 TSecr=3043107"
"519","22.793100951","10.0.0.1","10.0.0.2","TCP","2962","54258  >  34569 [ACK] Seq=595729 Ack=1 Win=29696 Len=2896 TSval=3043252 TSecr=3043227"
"520","22.805094046","10.0.0.1","10.0.0.2","TCP","1514","54258  >  34569 [ACK] Seq=598625 Ack=1 Win=29696 Len=1448 TSval=3043252 TSecr=3043227"
"521","23.203860562","10.0.0.2","10.0.0.1","TCP","78","[TCP Dup ACK 518#1] 34569  >  54258 [ACK] Seq=1 Ack=591385 Win=170496 Len=0 TSval=3043348 TSecr=3043107 SLE=594281 SRE=595729"
"522","23.266007758","10.0.0.1","10.0.0.2","TCP","1514","54258  >  34569 [ACK] Seq=600073 Ack=1 Win=29696 Len=1448 TSval=3043373 TSecr=3043348"
"523","23.349092873","10.0.0.2","10.0.0.1","TCP","78","[TCP Dup ACK 518#2] 34569  >  54258 [ACK] Seq=1 Ack=591385 Win=170496 Len=0 TSval=3043384 TSecr=3043107 SLE=594281 SRE=598625"
"524","23.372676208","10.0.0.2","10.0.0.1","TCP","78","[TCP Dup ACK 518#3] 34569  >  54258 [ACK] Seq=1 Ack=591385 Win=170496 Len=0 TSval=3043390 TSecr=3043107 SLE=594281 SRE=600073"
"525","23.411661552","10.0.0.1","10.0.0.2","TCP","1514","[TCP Out-Of-Order] 54258  >  34569 [ACK] Seq=591385 Ack=1 Win=29696 Len=1448 TSval=3043409 TSecr=3043384"
"526","23.423665539","10.0.0.1","10.0.0.2","TCP","1514","[TCP Out-Of-Order] 54258  >  34569 [ACK] Seq=592833 Ack=1 Win=29696 Len=1448 TSval=3043409 TSecr=3043384"
"527","23.435598416","10.0.0.1","10.0.0.2","TCP","1514","54258  >  34569 [ACK] Seq=601521 Ack=1 Win=29696 Len=1448 TSval=3043415 TSecr=3043390"
"528","23.857135901","10.0.0.2","10.0.0.1","TCP","78","[TCP Dup ACK 518#4] 34569  >  54258 [ACK] Seq=1 Ack=591385 Win=170496 Len=0 TSval=3043511 TSecr=3043107 SLE=594281 SRE=601521"
"529","23.919686656","10.0.0.1","10.0.0.2","TCP","1514","54258  >  34569 [ACK] Seq=602969 Ack=1 Win=29696 Len=1448 TSval=3043537 TSecr=3043511"
"530","24.014942640","10.0.0.2","10.0.0.1","TCP","78","34569  >  54258 [ACK] Seq=1 Ack=592833 Win=169472 Len=0 TSval=3043551 TSecr=3043409 SLE=594281 SRE=601521"
"531","24.026942222","10.0.0.2","10.0.0.1","TCP","66","34569  >  54258 [ACK] Seq=1 Ack=601521 Win=166912 Len=0 TSval=3043554 TSecr=3043409"
"532","24.063609199","10.0.0.2","10.0.0.1","TCP","66","34569  >  54258 [ACK] Seq=1 Ack=602969 Win=170496 Len=0 TSval=3043563 TSecr=3043415"
"533","24.077880855","10.0.0.1","10.0.0.2","TCP","1514","54258  >  34569 [ACK] Seq=604417 Ack=1 Win=29696 Len=1448 TSval=3043576 TSecr=3043551"
"534","24.101668582","10.0.0.1","10.0.0.2","TCP","2962","54258  >  34569 [ACK] Seq=605865 Ack=1 Win=29696 Len=2896 TSval=3043579 TSecr=3043554"
"535","24.125813190","10.0.0.1","10.0.0.2","TCP","1514","54258  >  34569 [ACK] Seq=608761 Ack=1 Win=29696 Len=1448 TSval=3043588 TSecr=3043563"
"536","24.547929208","10.0.0.2","10.0.0.1","TCP","66","34569  >  54258 [ACK] Seq=1 Ack=604417 Win=170496 Len=0 TSval=3043684 TSecr=3043537"
"537","24.610156058","10.0.0.1","10.0.0.2","TCP","1514","54258  >  34569 [ACK] Seq=610209 Ack=1 Win=29696 Len=1448 TSval=3043709 TSecr=3043684"
"538","24.729880832","10.0.0.2","10.0.0.1","TCP","66","34569  >  54258 [ACK] Seq=1 Ack=605865 Win=170496 Len=0 TSval=3043730 TSecr=3043576"
"539","24.765969338","10.0.0.2","10.0.0.1","TCP","66","34569  >  54258 [ACK] Seq=1 Ack=608761 Win=170496 Len=0 TSval=3043739 TSecr=3043579"
"540","24.804320575","10.0.0.1","10.0.0.2","TCP","2962","54258  >  34569 [ACK] Seq=611657 Ack=1 Win=29696 Len=2896 TSval=3043755 TSecr=3043730"
"541","24.814448005","10.0.0.2","10.0.0.1","TCP","66","34569  >  54258 [ACK] Seq=1 Ack=610209 Win=170496 Len=0 TSval=3043751 TSecr=3043588"
"542","24.840259035","10.0.0.1","10.0.0.2","TCP","2962","54258  >  34569 [ACK] Seq=614553 Ack=1 Win=29696 Len=2896 TSval=3043764 TSecr=3043739"
"543","25.299236425","10.0.0.2","10.0.0.1","TCP","66","34569  >  54258 [ACK] Seq=1 Ack=611657 Win=170496 Len=0 TSval=3043872 TSecr=3043709"
"544","25.361525423","10.0.0.1","10.0.0.2","TCP","1514","[TCP Previous segment not captured] 54258  >  34569 [ACK] Seq=618897 Ack=1 Win=29696 Len=1448 TSval=3043897 TSecr=3043872"
"545","25.504541906","10.0.0.2","10.0.0.1","TCP","66","34569  >  54258 [ACK] Seq=1 Ack=614553 Win=170496 Len=0 TSval=3043923 TSecr=3043755"
"546","25.577580939","10.0.0.2","10.0.0.1","TCP","66","34569  >  54258 [ACK] Seq=1 Ack=617449 Win=170496 Len=0 TSval=3043942 TSecr=3043764"
"547","25.651885581","10.0.0.1","10.0.0.2","TCP","2962","[TCP Previous segment not captured] 54258  >  34569 [ACK] Seq=623241 Ack=1 Win=29696 Len=2896 TSval=3043967 TSecr=3043942"
"548","26.122656422","10.0.0.2","10.0.0.1","TCP","78","[TCP Dup ACK 546#1] 34569  >  54258 [ACK] Seq=1 Ack=617449 Win=170496 Len=0 TSval=3044078 TSecr=3043764 SLE=618897 SRE=620345"
"549","26.184813877","10.0.0.1","10.0.0.2","TCP","1514","54258  >  34569 [ACK] Seq=626137 Ack=1 Win=29696 Len=1448 TSval=3044103 TSecr=3044078"
"550","26.197470712","10.0.0.1","10.0.0.2","TCP","1514","[TCP Out-Of-Order] 54258  >  34569 [ACK] Seq=617449 Ack=1 Win=29696 Len=1448 TSval=3044104 TSecr=3044078"
"551","26.349615282","10.0.0.2","10.0.0.1","TCP","86","[TCP Dup ACK 546#2] 34569  >  54258 [ACK] Seq=1 Ack=617449 Win=170496 Len=0 TSval=3044134 TSecr=3043764 SLE=623241 SRE=626137 SLE=618897 SRE=620345"
"552","26.373234118","10.0.0.2","10.0.0.1","TCP","86","[TCP Dup ACK 546#3] 34569  >  54258 [ACK] Seq=1 Ack=617449 Win=170496 Len=0 TSval=3044140 TSecr=3043764 SLE=623241 SRE=627585 SLE=618897 SRE=620345"
"553","26.385218921","10.0.0.2","10.0.0.1","TCP","78","34569  >  54258 [ACK] Seq=1 Ack=620345 Win=167936 Len=0 TSval=3044143 TSecr=3044104 SLE=623241 SRE=627585"
"554","26.411807086","10.0.0.1","10.0.0.2","TCP","1514","[TCP Retransmission] 54258  >  34569 [ACK] Seq=620345 Ack=1 Win=29696 Len=1448 TSval=3044160 TSecr=3044134"
"555","26.435600159","10.0.0.1","10.0.0.2","TCP","1514","[TCP Retransmission] 54258  >  34569 [ACK] Seq=621793 Ack=1 Win=29696 Len=1448 TSval=3044166 TSecr=3044140"
"556","26.460081159","10.0.0.1","10.0.0.2","TCP","2962","54258  >  34569 [ACK] Seq=627585 Ack=1 Win=29696 Len=2896 TSval=3044169 TSecr=3044143"
"557","26.562244507","10.0.0.2","10.0.0.1","TCP","78","34569  >  54258 [ACK] Seq=1 Ack=621793 Win=167936 Len=0 TSval=3044188 TSecr=3044160 SLE=623241 SRE=627585"
"558","26.586126451","10.0.0.2","10.0.0.1","TCP","66","34569  >  54258 [ACK] Seq=1 Ack=627585 Win=168448 Len=0 TSval=3044194 TSecr=3044166"
"559","26.610312457","10.0.0.2","10.0.0.1","TCP","66","34569  >  54258 [ACK] Seq=1 Ack=630481 Win=170496 Len=0 TSval=3044200 TSecr=3044169"
"560","26.624770772","10.0.0.1","10.0.0.2","TCP","1514","54258  >  34569 [ACK] Seq=630481 Ack=1 Win=29696 Len=1448 TSval=3044213 TSecr=3044188"
"561","26.660577249","10.0.0.1","10.0.0.2","TCP","2962","54258  >  34569 [ACK] Seq=631929 Ack=1 Win=29696 Len=2896 TSval=3044219 TSecr=3044194"
"562","26.684887598","10.0.0.1","10.0.0.2","TCP","2962","54258  >  34569 [ACK] Seq=634825 Ack=1 Win=29696 Len=2896 TSval=3044225 TSecr=3044200"
"563","26.775307871","10.0.0.2","10.0.0.1","TCP","66","34569  >  54258 [ACK] Seq=1 Ack=631929 Win=170496 Len=0 TSval=3044241 TSecr=3044213"
"564","26.811388711","10.0.0.2","10.0.0.1","TCP","66","34569  >  54258 [ACK] Seq=1 Ack=634825 Win=170496 Len=0 TSval=3044250 TSecr=3044219"
"565","26.835082042","10.0.0.2","10.0.0.1","TCP","66","34569  >  54258 [ACK] Seq=1 Ack=637721 Win=170496 Len=0 TSval=3044256 TSecr=3044225"
"566","26.837452801","10.0.0.1","10.0.0.2","TCP","1514","54258  >  34569 [ACK] Seq=637721 Ack=1 Win=29696 Len=1448 TSval=3044266 TSecr=3044241"
"567","26.885743903","10.0.0.1","10.0.0.2","TCP","2962","54258  >  34569 [ACK] Seq=639169 Ack=1 Win=29696 Len=2896 TSval=3044275 TSecr=3044250"
"568","26.897785357","10.0.0.1","10.0.0.2","TCP","1514","54258  >  34569 [ACK] Seq=642065 Ack=1 Win=29696 Len=1448 TSval=3044275 TSecr=3044250"
"569","26.921985023","10.0.0.1","10.0.0.2","TCP","2962","54258  >  34569 [ACK] Seq=643513 Ack=1 Win=29696 Len=2896 TSval=3044281 TSecr=3044256"
"570","26.987774796","10.0.0.2","10.0.0.1","TCP","66","34569  >  54258 [ACK] Seq=1 Ack=639169 Win=170496 Len=0 TSval=3044294 TSecr=3044266"
"571","27.036432903","10.0.0.2","10.0.0.1","TCP","66","34569  >  54258 [ACK] Seq=1 Ack=642065 Win=170496 Len=0 TSval=3044306 TSecr=3044275"
"572","27.048437194","10.0.0.2","10.0.0.1","TCP","66","34569  >  54258 [ACK] Seq=1 Ack=643513 Win=170496 Len=0 TSval=3044309 TSecr=3044275"
"573","27.049940156","10.0.0.1","10.0.0.2","TCP","1514","54258  >  34569 [ACK] Seq=646409 Ack=1 Win=29696 Len=1448 TSval=3044319 TSecr=3044294"
"574","27.072593594","10.0.0.2","10.0.0.1","TCP","66","34569  >  54258 [ACK] Seq=1 Ack=646409 Win=170496 Len=0 TSval=3044315 TSecr=3044281"
"575","27.110837516","10.0.0.1","10.0.0.2","TCP","2962","54258  >  34569 [ACK] Seq=647857 Ack=1 Win=29696 Len=2896 TSval=3044331 TSecr=3044306"
"576","27.122894987","10.0.0.1","10.0.0.2","TCP","1514","54258  >  34569 [ACK] Seq=650753 Ack=1 Win=29696 Len=1448 TSval=3044334 TSecr=3044309"
"577","27.147481479","10.0.0.1","10.0.0.2","TCP","2962","54258  >  34569 [ACK] Seq=652201 Ack=1 Win=29696 Len=2896 TSval=3044340 TSecr=3044315"
"578","27.200698437","10.0.0.2","10.0.0.1","TCP","66","34569  >  54258 [ACK] Seq=1 Ack=647857 Win=170496 Len=0 TSval=3044347 TSecr=3044319"
"579","27.261070683","10.0.0.2","10.0.0.1","TCP","66","34569  >  54258 [ACK] Seq=1 Ack=650753 Win=170496 Len=0 TSval=3044362 TSecr=3044331"
"580","27.262957720","10.0.0.1","10.0.0.2","TCP","1514","54258  >  34569 [ACK] Seq=655097 Ack=1 Win=29696 Len=1448 TSval=3044372 TSecr=3044347"
"581","27.273759504","10.0.0.2","10.0.0.1","TCP","66","34569  >  54258 [ACK] Seq=1 Ack=652201 Win=170496 Len=0 TSval=3044366 TSecr=3044334"
"582","27.298251658","10.0.0.2","10.0.0.1","TCP","66","34569  >  54258 [ACK] Seq=1 Ack=655097 Win=170496 Len=0 TSval=3044372 TSecr=3044340"
"583","27.335598937","10.0.0.1","10.0.0.2","TCP","2962","54258  >  34569 [ACK] Seq=656545 Ack=1 Win=29696 Len=2896 TSval=3044387 TSecr=3044362"
"584","27.347444589","10.0.0.1","10.0.0.2","TCP","1514","54258  >  34569 [ACK] Seq=659441 Ack=1 Win=29696 Len=1448 TSval=3044391 TSecr=3044366"
"585","27.372513769","10.0.0.1","10.0.0.2","TCP","2962","54258  >  34569 [ACK] Seq=660889 Ack=1 Win=29696 Len=2896 TSval=3044397 TSecr=3044372"
"586","27.413133554","10.0.0.2","10.0.0.1","TCP","66","34569  >  54258 [ACK] Seq=1 Ack=656545 Win=170496 Len=0 TSval=3044400 TSecr=3044372"
"587","27.475693735","10.0.0.1","10.0.0.2","TCP","1514","54258  >  34569 [ACK] Seq=663785 Ack=1 Win=29696 Len=1448 TSval=3044426 TSecr=3044400"
"588","27.485932196","10.0.0.2","10.0.0.1","TCP","66","34569  >  54258 [ACK] Seq=1 Ack=659441 Win=170496 Len=0 TSval=3044419 TSecr=3044387"
"589","27.522646291","10.0.0.2","10.0.0.1","TCP","66","34569  >  54258 [ACK] Seq=1 Ack=663785 Win=170496 Len=0 TSval=3044428 TSecr=3044391"
"590","27.560243609","10.0.0.1","10.0.0.2","TCP","2962","54258  >  34569 [ACK] Seq=665233 Ack=1 Win=29696 Len=2896 TSval=3044444 TSecr=3044419"
"591","27.596908366","10.0.0.1","10.0.0.2","TCP","2962","54258  >  34569 [ACK] Seq=668129 Ack=1 Win=29696 Len=2896 TSval=3044453 TSecr=3044428"
"592","27.609051979","10.0.0.1","10.0.0.2","TCP","1514","54258  >  34569 [ACK] Seq=671025 Ack=1 Win=29696 Len=1448 TSval=3044453 TSecr=3044428"
"593","27.669301102","10.0.0.2","10.0.0.1","TCP","66","34569  >  54258 [ACK] Seq=1 Ack=665233 Win=170496 Len=0 TSval=3044465 TSecr=3044426"
"594","27.710646960","10.0.0.2","10.0.0.1","TCP","66","34569  >  54258 [ACK] Seq=1 Ack=668129 Win=170496 Len=0 TSval=3044475 TSecr=3044444"
"595","27.731476550","10.0.0.1","10.0.0.2","TCP","1514","54258  >  34569 [ACK] Seq=672473 Ack=1 Win=29696 Len=1448 TSval=3044490 TSecr=3044465"
"596","27.747409527","10.0.0.2","10.0.0.1","TCP","66","34569  >  54258 [ACK] Seq=1 Ack=671025 Win=170496 Len=0 TSval=3044484 TSecr=3044453"
"597","27.784937279","10.0.0.1","10.0.0.2","TCP","2962","54258  >  34569 [ACK] Seq=673921 Ack=1 Win=29696 Len=2896 TSval=3044500 TSecr=3044475"
"598","27.821980330","10.0.0.1","10.0.0.2","TCP","2962","54258  >  34569 [ACK] Seq=676817 Ack=1 Win=29696 Len=2896 TSval=3044509 TSecr=3044484"
"599","27.825795170","10.0.0.2","10.0.0.1","TCP","66","34569  >  54258 [ACK] Seq=1 Ack=672473 Win=170496 Len=0 TSval=3044504 TSecr=3044453"
"600","27.900079260","10.0.0.1","10.0.0.2","TCP","2962","54258  >  34569 [ACK] Seq=679713 Ack=1 Win=29696 Len=2896 TSval=3044529 TSecr=3044504"
"601","27.935063668","10.0.0.2","10.0.0.1","TCP","66","34569  >  54258 [ACK] Seq=1 Ack=676817 Win=170496 Len=0 TSval=3044531 TSecr=3044490"
"602","27.972117046","10.0.0.2","10.0.0.1","TCP","66","34569  >  54258 [ACK] Seq=1 Ack=679713 Win=170496 Len=0 TSval=3044540 TSecr=3044509"
"603","28.009600404","10.0.0.1","10.0.0.2","TCP","2962","54258  >  34569 [ACK] Seq=682609 Ack=1 Win=29696 Len=2896 TSval=3044556 TSecr=3044531"
"604","28.021474805","10.0.0.1","10.0.0.2","TCP","1514","54258  >  34569 [ACK] Seq=685505 Ack=1 Win=29696 Len=1448 TSval=3044556 TSecr=3044531"
"605","28.046366542","10.0.0.1","10.0.0.2","TCP","2962","54258  >  34569 [ACK] Seq=686953 Ack=1 Win=29696 Len=2896 TSval=3044565 TSecr=3044540"
"606","28.050331919","10.0.0.2","10.0.0.1","TCP","66","34569  >  54258 [ACK] Seq=1 Ack=682609 Win=170496 Len=0 TSval=3044560 TSecr=3044529"
"607","28.124802245","10.0.0.1","10.0.0.2","TCP","2962","54258  >  34569 [ACK] Seq=689849 Ack=1 Win=29696 Len=2896 TSval=3044585 TSecr=3044560"
"608","28.160017621","10.0.0.2","10.0.0.1","TCP","66","34569  >  54258 [ACK] Seq=1 Ack=685505 Win=170496 Len=0 TSval=3044587 TSecr=3044556"
"609","28.197613756","10.0.0.2","10.0.0.1","TCP","66","34569  >  54258 [ACK] Seq=1 Ack=689849 Win=170496 Len=0 TSval=3044596 TSecr=3044556"
"610","28.234655861","10.0.0.1","10.0.0.2","TCP","2962","54258  >  34569 [ACK] Seq=692745 Ack=1 Win=29696 Len=2896 TSval=3044612 TSecr=3044587"
"611","28.271907239","10.0.0.1","10.0.0.2","TCP","2962","54258  >  34569 [ACK] Seq=695641 Ack=1 Win=29696 Len=2896 TSval=3044622 TSecr=3044596"
"612","28.275034359","10.0.0.2","10.0.0.1","TCP","66","34569  >  54258 [ACK] Seq=1 Ack=692745 Win=170496 Len=0 TSval=3044616 TSecr=3044585"
"613","28.296270177","10.0.0.1","10.0.0.2","TCP","2962","54258  >  34569 [ACK] Seq=698537 Ack=1 Win=29696 Len=2896 TSval=3044622 TSecr=3044596"
"614","28.349397032","10.0.0.1","10.0.0.2","TCP","2962","54258  >  34569 [ACK] Seq=701433 Ack=1 Win=29696 Len=2896 TSval=3044641 TSecr=3044616"
"615","28.384971883","10.0.0.2","10.0.0.1","TCP","66","34569  >  54258 [ACK] Seq=1 Ack=695641 Win=170496 Len=0 TSval=3044643 TSecr=3044612"
"616","28.422423754","10.0.0.2","10.0.0.1","TCP","66","34569  >  54258 [ACK] Seq=1 Ack=698537 Win=170496 Len=0 TSval=3044653 TSecr=3044622"
"617","28.446726082","10.0.0.2","10.0.0.1","TCP","66","34569  >  54258 [ACK] Seq=1 Ack=701433 Win=170496 Len=0 TSval=3044659 TSecr=3044622"
"618","28.459244257","10.0.0.1","10.0.0.2","TCP","2962","54258  >  34569 [ACK] Seq=704329 Ack=1 Win=29696 Len=2896 TSval=3044668 TSecr=3044643"
"619","28.496730852","10.0.0.1","10.0.0.2","TCP","2962","54258  >  34569 [ACK] Seq=707225 Ack=1 Win=29696 Len=2896 TSval=3044678 TSecr=3044653"
"620","28.499795960","10.0.0.2","10.0.0.1","TCP","66","34569  >  54258 [ACK] Seq=1 Ack=704329 Win=170496 Len=0 TSval=3044672 TSecr=3044641"
"621","28.520989970","10.0.0.1","10.0.0.2","TCP","2962","54258  >  34569 [ACK] Seq=710121 Ack=1 Win=29696 Len=2896 TSval=3044684 TSecr=3044659"
"622","28.574111866","10.0.0.1","10.0.0.2","TCP","2962","54258  >  34569 [ACK] Seq=713017 Ack=1 Win=29696 Len=2896 TSval=3044697 TSecr=3044672"
"623","28.609373189","10.0.0.2","10.0.0.1","TCP","66","34569  >  54258 [ACK] Seq=1 Ack=707225 Win=170496 Len=0 TSval=3044700 TSecr=3044668"
"624","28.647324750","10.0.0.2","10.0.0.1","TCP","66","34569  >  54258 [ACK] Seq=1 Ack=710121 Win=170496 Len=0 TSval=3044709 TSecr=3044678"
"625","28.671217442","10.0.0.2","10.0.0.1","TCP","66","34569  >  54258 [ACK] Seq=1 Ack=713017 Win=170496 Len=0 TSval=3044715 TSecr=3044684"
"626","28.683864997","10.0.0.1","10.0.0.2","TCP","2962","54258  >  34569 [ACK] Seq=715913 Ack=1 Win=29696 Len=2896 TSval=3044725 TSecr=3044700"
"627","28.721718282","10.0.0.1","10.0.0.2","TCP","2962","54258  >  34569 [ACK] Seq=718809 Ack=1 Win=29696 Len=2896 TSval=3044734 TSecr=3044709"
"628","28.724443487","10.0.0.2","10.0.0.1","TCP","66","34569  >  54258 [ACK] Seq=1 Ack=715913 Win=170496 Len=0 TSval=3044728 TSecr=3044697"
"629","28.745864713","10.0.0.1","10.0.0.2","TCP","2962","54258  >  34569 [ACK] Seq=721705 Ack=1 Win=29696 Len=2896 TSval=3044740 TSecr=3044715"
"630","28.799271203","10.0.0.1","10.0.0.2","TCP","2962","54258  >  34569 [ACK] Seq=724601 Ack=1 Win=29696 Len=2896 TSval=3044753 TSecr=3044728"
"631","28.810892761","10.0.0.1","10.0.0.2","TCP","1514","54258  >  34569 [ACK] Seq=727497 Ack=1 Win=29696 Len=1448 TSval=3044753 TSecr=3044728"
"632","28.834743306","10.0.0.2","10.0.0.1","TCP","66","34569  >  54258 [ACK] Seq=1 Ack=718809 Win=170496 Len=0 TSval=3044756 TSecr=3044725"
"633","28.872135274","10.0.0.2","10.0.0.1","TCP","66","34569  >  54258 [ACK] Seq=1 Ack=721705 Win=170496 Len=0 TSval=3044765 TSecr=3044734"
"634","28.896296287","10.0.0.2","10.0.0.1","TCP","66","34569  >  54258 [ACK] Seq=1 Ack=724601 Win=170496 Len=0 TSval=3044771 TSecr=3044740"
"635","28.909095240","10.0.0.1","10.0.0.2","TCP","2962","54258  >  34569 [ACK] Seq=728945 Ack=1 Win=29696 Len=2896 TSval=3044781 TSecr=3044756"
"636","28.949989557","10.0.0.2","10.0.0.1","TCP","66","34569  >  54258 [ACK] Seq=1 Ack=727497 Win=170496 Len=0 TSval=3044785 TSecr=3044753"
"637","28.970612458","10.0.0.1","10.0.0.2","TCP","2962","[TCP Previous segment not captured] 54258  >  34569 [ACK] Seq=734737 Ack=1 Win=29696 Len=2896 TSval=3044796 TSecr=3044771"
"638","29.017268769","10.0.0.2","10.0.0.1","TCP","66","34569  >  54258 [ACK] Seq=1 Ack=728945 Win=170496 Len=0 TSval=3044802 TSecr=3044753"
"639","29.024266945","10.0.0.1","10.0.0.2","TCP","2962","54258  >  34569 [ACK] Seq=737633 Ack=1 Win=29696 Len=2896 TSval=3044810 TSecr=3044785"
"640","29.059188369","10.0.0.2","10.0.0.1","TCP","66","34569  >  54258 [ACK] Seq=1 Ack=731841 Win=170496 Len=0 TSval=3044812 TSecr=3044781"
"641","29.120714018","10.0.0.2","10.0.0.1","TCP","78","[TCP Dup ACK 640#1] 34569  >  54258 [ACK] Seq=1 Ack=731841 Win=170496 Len=0 TSval=3044827 TSecr=3044781 SLE=734737 SRE=737633"
"642","29.133477955","10.0.0.1","10.0.0.2","TCP","2962","[TCP Previous segment not captured] 54258  >  34569 [ACK] Seq=741977 Ack=1 Win=29696 Len=2896 TSval=3044837 TSecr=3044812"
"643","29.135056398","10.0.0.1","10.0.0.2","TCP","201","54258  >  34569 [FIN, PSH, ACK] Seq=744873 Ack=1 Win=29696 Len=135 TSval=3044837 TSecr=3044812"
"644","29.174900683","10.0.0.2","10.0.0.1","TCP","78","[TCP Dup ACK 640#2] 34569  >  54258 [ACK] Seq=1 Ack=731841 Win=170496 Len=0 TSval=3044841 TSecr=3044781 SLE=734737 SRE=740529"
"645","29.182907820","10.0.0.1","10.0.0.2","TCP","1514","[TCP Fast Retransmission] 54258  >  34569 [ACK] Seq=731841 Ack=1 Win=29696 Len=1448 TSval=3044852 TSecr=3044827"
"646","29.195056716","10.0.0.1","10.0.0.2","TCP","1514","[TCP Out-Of-Order] 54258  >  34569 [ACK] Seq=733289 Ack=1 Win=29696 Len=1448 TSval=3044852 TSecr=3044827"
"647","29.283961326","10.0.0.2","10.0.0.1","TCP","86","[TCP Dup ACK 640#3] 34569  >  54258 [ACK] Seq=1 Ack=731841 Win=170496 Len=0 TSval=3044868 TSecr=3044781 SLE=741977 SRE=744873 SLE=734737 SRE=740529"
"648","29.295251036","10.0.0.2","10.0.0.1","TCP","86","[TCP Dup ACK 640#4] 34569  >  54258 [ACK] Seq=1 Ack=731841 Win=170496 Len=0 TSval=3044871 TSecr=3044781 SLE=741977 SRE=745009 SLE=734737 SRE=740529"
"649","29.333482554","10.0.0.2","10.0.0.1","TCP","86","34569  >  54258 [ACK] Seq=1 Ack=733289 Win=169472 Len=0 TSval=3044880 TSecr=3044852 SLE=741977 SRE=745009 SLE=734737 SRE=740529"
"650","29.345341227","10.0.0.2","10.0.0.1","TCP","78","34569  >  54258 [ACK] Seq=1 Ack=740529 Win=165376 Len=0 TSval=3044883 TSecr=3044852 SLE=741977 SRE=745009"
"651","29.346120282","10.0.0.1","10.0.0.2","TCP","1514","[TCP Retransmission] 54258  >  34569 [ACK] Seq=740529 Ack=1 Win=29696 Len=1448 TSval=3044893 TSecr=3044868"
"652","29.496366318","10.0.0.2","10.0.0.1","TCP","66","34569  >  54258 [ACK] Seq=1 Ack=745009 Win=168960 Len=0 TSval=3044921 TSecr=3044893"
"653","29.496367690","10.0.0.2","10.0.0.1","TCP","66","34569  >  54258 [FIN, ACK] Seq=1 Ack=745009 Win=170496 Len=0 TSval=3044921 TSecr=3044893"
"654","29.547405196","10.0.0.1","10.0.0.2","TCP","66","54258  >  34569 [ACK] Seq=745009 Ack=2 Win=29696 Len=0 TSval=3044946 TSecr=3044921"
"655","220.414433175","10.0.0.3","10.0.0.2","TCP","74","55308  >  34570 [SYN] Seq=0 Win=29200 Len=0 MSS=1460 SACK_PERM=1 TSval=3092650 TSecr=0 WS=512"
"656","294.498950137","10.0.0.3","10.0.0.2","TCP","74","55334  >  34570 [SYN] Seq=0 Win=29200 Len=0 MSS=1460 SACK_PERM=1 TSval=3111172 TSecr=0 WS=512"
"657","627.652604067","10.0.0.3","10.0.0.2","TCP","74","55384  >  34570 [SYN] Seq=0 Win=29200 Len=0 MSS=1460 SACK_PERM=1 TSval=3194460 TSecr=0 WS=512"
